timestamp,machine_id,sensor_temp,sensor_vibration,sensor_pressure,status
2026-04-08 19:57:48,103,70.99,6.5,104.96,Healthy
2026-04-08 19:58:48,102,70.87,4.96,108.01,Healthy
2026-04-08 19:59:48,103,70.25,4.52,100.2,Healthy
2026-04-08 20:00:48,103,71.84,5.51,98.33,Healthy
2026-04-08 20:01:48,101,66.66,6.28,97.65,Healthy
2026-04-08 20:02:48,101,70.59,4.76,95.27,Healthy
2026-04-08 20:03:48,102,70.16,6.89,99.86,Healthy
2026-04-08 20:04:48,102,71.5,5.2,92.44,Healthy
2026-04-08 20:05:48,101,71.21,5.34,97.09,Healthy
2026-04-08 20:06:48,103,70.95,4.04,93.97,Healthy
2026-04-08 20:07:48,102,71.53,4.97,96.96,Healthy
2026-04-08 20:08:48,101,71.83,3.77,102.33,Healthy
2026-04-08 20:09:48,101,71.2,3.48,104.49,Healthy
2026-04-08 20:10:48,102,67.97,4.99,97.03,Healthy
2026-04-08 20:11:48,103,70.81,6.21,98.43,Healthy
2026-04-08 20:12:48,103,66.24,5.15,100.47,Healthy
2026-04-08 20:13:48,103,73.77,7.1,90.62,Healthy
2026-04-08 20:14:48,101,70.12,6.81,101.11,Healthy
2026-04-08 20:15:48,101,67.06,6.9,98.22,Healthy
2026-04-08 20:16:48,101,72.97,4.57,101.55,Healthy
2026-04-08 20:17:48,101,68.91,5.43,99.12,Healthy
2026-04-08 20:18:48,103,68.57,4.91,99.95,Healthy
2026-04-08 20:19:48,102,68.13,6.41,102.2,Healthy
2026-04-08 20:20:48,101,69.64,3.37,111.68,Healthy
2026-04-08 20:21:48,102,70.7,5.72,103.15,Healthy
2026-04-08 20:22:48,103,70.71,5.55,101.38,Healthy
2026-04-08 20:23:48,101,72.37,5.57,107.18,Healthy
2026-04-08 20:24:48,103,69.22,5.01,98.35,Healthy
2026-04-08 20:25:48,101,70.52,5.73,92.79,Healthy
2026-04-08 20:26:48,103,67.35,5.59,99.51,Healthy
2026-04-08 20:27:48,103,68.47,4.51,100.24,Healthy
2026-04-08 20:28:48,102,69.21,5.14,95.9,Healthy
2026-04-08 20:29:48,103,69.86,4.35,94.15,Healthy
2026-04-08 20:30:48,103,73.59,4.99,103.16,Healthy
2026-04-08 20:31:48,103,68.67,5.05,104.95,Healthy
2026-04-08 20:32:48,102,70.25,3.51,94.83,Healthy
2026-04-08 20:33:48,102,68.97,4.56,98.12,Healthy
2026-04-08 20:34:48,102,71.27,4.13,104.49,Healthy
2026-04-08 20:35:48,102,68.57,5.77,101.01,Healthy
2026-04-08 20:36:48,103,73.2,7.14,93.98,Healthy
2026-04-08 20:37:48,101,70.32,5.27,106.62,Healthy
2026-04-08 20:38:48,102,67.78,6.23,100.19,Healthy
2026-04-08 20:39:48,102,67.49,6.32,97.58,Healthy
2026-04-08 20:40:48,102,69.77,3.01,101.74,Healthy
2026-04-08 20:41:48,103,71.52,5.92,104.74,Healthy
2026-04-08 20:42:48,103,68.04,4.91,101.42,Healthy
2026-04-08 20:43:48,102,69.86,4.29,98.87,Healthy
2026-04-08 20:44:48,101,70.76,8.15,97.32,Healthy
2026-04-08 20:45:48,102,65.79,2.81,92.56,Healthy
2026-04-08 20:46:48,102,68.25,6.29,98.08,Healthy
2026-04-08 20:47:48,103,72.44,6.85,97.22,Healthy
2026-04-08 20:48:48,103,67.36,3.3,108.42,Healthy
2026-04-08 20:49:48,103,72.73,3.93,97.92,Healthy
2026-04-08 20:50:48,102,69.11,5.41,97.95,Healthy
2026-04-08 20:51:48,103,74.25,4.99,97.84,Healthy
2026-04-08 20:52:48,101,69.52,5.26,97.83,Healthy
2026-04-08 20:53:48,102,70.59,5.82,104.62,Healthy
2026-04-08 20:54:48,101,71.38,5.17,100.12,Healthy
2026-04-08 20:55:48,101,70.11,5.62,97.5,Healthy
2026-04-08 20:56:48,102,67.19,6.67,104.98,Healthy
2026-04-08 20:57:48,101,68.46,4.22,100.7,Healthy
2026-04-08 20:58:48,103,68.23,6.54,104.3,Healthy
2026-04-08 20:59:48,102,67.89,4.13,105.21,Healthy
2026-04-08 21:00:48,101,70.58,4.58,102.54,Healthy
2026-04-08 21:01:48,102,70.74,4.76,97.66,Healthy
2026-04-08 21:02:48,102,69.41,4.98,106.32,Healthy
2026-04-08 21:03:48,102,70.29,4.35,107.25,Healthy
2026-04-08 21:04:48,101,69.14,5.55,105.83,Healthy
2026-04-08 21:05:48,102,66.68,5.75,110.95,Healthy
2026-04-08 21:06:48,103,69.14,5.47,106.22,Healthy
2026-04-08 21:07:48,102,70.9,5.53,96.38,Healthy
2026-04-08 21:08:48,102,72.25,3.4,94.38,Healthy
2026-04-08 21:09:48,101,72.37,4.35,107.38,Healthy
2026-04-08 21:10:48,101,71.85,5.02,91.35,Healthy
2026-04-08 21:11:48,103,70.88,5.96,99.66,Healthy
2026-04-08 21:12:48,102,69.29,5.18,106.8,Healthy
2026-04-08 21:13:48,103,70.08,5.54,88.85,Healthy
2026-04-08 21:14:48,102,70.35,3.77,101.25,Healthy
2026-04-08 21:15:48,102,70.39,3.72,104.33,Healthy
2026-04-08 21:16:48,101,69.3,5.12,105.17,Healthy
2026-04-08 21:17:48,103,71.01,6.01,92.64,Healthy
2026-04-08 21:18:48,103,72.53,3.39,97.57,Healthy
2026-04-08 21:19:48,102,71.13,4.95,101.95,Healthy
2026-04-08 21:20:48,103,70.94,4.9,100.71,Healthy
2026-04-08 21:21:48,103,70.61,4.87,95.38,Healthy
2026-04-08 21:22:48,102,65.82,6.58,103.22,Healthy
2026-04-08 21:23:48,102,70.74,6.0,104.15,Healthy
2026-04-08 21:24:48,101,72.79,3.66,101.3,Healthy
2026-04-08 21:25:48,101,70.8,6.0,93.18,Healthy
2026-04-08 21:26:48,101,71.36,6.46,100.57,Healthy
2026-04-08 21:27:48,103,70.26,5.99,110.89,Healthy
2026-04-08 21:28:48,103,69.9,5.47,102.49,Healthy
2026-04-08 21:29:48,102,70.76,5.28,103.84,Healthy
2026-04-08 21:30:48,102,71.51,4.47,93.21,Healthy
2026-04-08 21:31:48,103,69.13,5.29,92.91,Healthy
2026-04-08 21:32:48,101,70.79,5.54,100.66,Healthy
2026-04-08 21:33:48,103,70.28,5.37,97.79,Healthy
2026-04-08 21:34:48,103,68.84,4.57,96.65,Healthy
2026-04-08 21:35:48,102,69.56,4.89,99.56,Healthy
2026-04-08 21:36:48,103,69.45,6.86,105.06,Healthy
2026-04-08 21:37:48,102,69.0,3.35,96.0,Healthy
2026-04-08 21:38:48,101,70.64,4.68,107.27,Healthy
2026-04-08 21:39:48,102,68.01,6.29,106.79,Healthy
2026-04-08 21:40:48,102,70.57,4.62,102.55,Healthy
2026-04-08 21:41:48,103,70.41,4.5,97.42,Healthy
2026-04-08 21:42:48,101,71.61,3.49,103.59,Healthy
2026-04-08 21:43:48,101,67.58,4.23,104.73,Healthy
2026-04-08 21:44:48,102,68.24,4.38,98.06,Healthy
2026-04-08 21:45:48,103,69.21,6.17,105.33,Healthy
2026-04-08 21:46:48,101,71.53,6.82,100.72,Healthy
2026-04-08 21:47:48,102,74.81,3.42,98.43,Healthy
2026-04-08 21:48:48,101,68.77,5.09,96.76,Healthy
2026-04-08 21:49:48,103,69.75,7.31,102.45,Healthy
2026-04-08 21:50:48,101,72.02,4.38,98.75,Healthy
2026-04-08 21:51:48,101,69.51,5.39,92.13,Healthy
2026-04-08 21:52:48,103,71.02,4.84,100.63,Healthy
2026-04-08 21:53:48,102,68.08,5.16,105.01,Healthy
2026-04-08 21:54:48,101,66.77,5.27,100.38,Healthy
2026-04-08 21:55:48,103,67.94,4.55,103.24,Healthy
2026-04-08 21:56:48,103,69.15,4.97,97.86,Healthy
2026-04-08 21:57:48,101,66.52,5.71,105.75,Healthy
2026-04-08 21:58:48,101,70.92,5.43,99.96,Healthy
2026-04-08 21:59:48,101,65.59,5.5,98.37,Healthy
2026-04-08 22:00:48,103,68.92,4.14,100.01,Healthy
2026-04-08 22:01:48,102,66.84,6.33,104.8,Healthy
2026-04-08 22:02:48,103,71.56,5.34,105.99,Healthy
2026-04-08 22:03:48,101,71.2,5.27,96.41,Healthy
2026-04-08 22:04:48,103,70.87,4.74,107.84,Healthy
2026-04-08 22:05:48,103,73.31,4.33,97.63,Healthy
2026-04-08 22:06:48,102,74.18,6.0,101.49,Healthy
2026-04-08 22:07:48,103,70.65,5.18,98.91,Healthy
2026-04-08 22:08:48,102,69.74,5.68,99.58,Healthy
2026-04-08 22:09:48,103,73.6,5.47,102.85,Healthy
2026-04-08 22:10:48,103,68.08,5.5,103.02,Healthy
2026-04-08 22:11:48,101,69.57,3.68,101.26,Healthy
2026-04-08 22:12:48,103,72.17,5.98,107.65,Healthy
2026-04-08 22:13:48,102,70.76,4.84,101.71,Healthy
2026-04-08 22:14:48,102,76.95,4.99,97.93,Healthy
2026-04-08 22:15:48,103,66.42,4.69,97.48,Healthy
2026-04-08 22:16:48,103,68.79,3.99,99.56,Healthy
2026-04-08 22:17:48,101,68.41,4.79,99.03,Healthy
2026-04-08 22:18:48,101,67.48,5.47,100.75,Healthy
2026-04-08 22:19:48,101,72.22,3.67,98.62,Healthy
2026-04-08 22:20:48,101,70.05,4.1,101.12,Healthy
2026-04-08 22:21:48,103,72.86,5.51,94.4,Healthy
2026-04-08 22:22:48,102,71.48,5.35,101.66,Healthy
2026-04-08 22:23:48,103,71.84,4.75,108.48,Healthy
2026-04-08 22:24:48,102,71.61,6.15,105.01,Healthy
2026-04-08 22:25:48,101,73.12,5.6,104.73,Healthy
2026-04-08 22:26:48,101,67.42,4.51,98.02,Healthy
2026-04-08 22:27:48,101,93.34,17.1,103.77,Warning
2026-04-08 22:28:48,101,70.59,5.55,96.88,Healthy
2026-04-08 22:29:48,102,68.41,4.29,101.22,Healthy
2026-04-08 22:30:48,101,68.76,5.07,107.51,Healthy
2026-04-08 22:31:48,101,69.73,4.57,105.9,Healthy
2026-04-08 22:32:48,102,70.36,5.3,102.44,Healthy
2026-04-08 22:33:48,102,68.09,4.03,92.84,Healthy
2026-04-08 22:34:48,102,68.92,5.62,96.86,Healthy
2026-04-08 22:35:48,102,73.06,4.8,102.88,Healthy
2026-04-08 22:36:48,103,69.43,5.72,100.89,Healthy
2026-04-08 22:37:48,103,66.63,5.35,100.42,Healthy
2026-04-08 22:38:48,103,70.46,6.14,104.63,Healthy
2026-04-08 22:39:48,102,69.42,5.76,97.66,Healthy
2026-04-08 22:40:48,103,68.84,4.78,109.79,Healthy
2026-04-08 22:41:48,103,69.97,3.6,95.47,Healthy
2026-04-08 22:42:48,101,73.23,4.4,105.48,Healthy
2026-04-08 22:43:48,103,65.75,5.2,105.19,Healthy
2026-04-08 22:44:48,101,64.47,4.61,88.99,Healthy
2026-04-08 22:45:48,103,68.21,5.02,100.74,Healthy
2026-04-08 22:46:48,101,70.88,5.64,90.52,Healthy
2026-04-08 22:47:48,102,69.45,6.29,100.43,Healthy
2026-04-08 22:48:48,101,68.77,3.55,98.78,Healthy
2026-04-08 22:49:48,101,68.45,4.31,107.0,Healthy
2026-04-08 22:50:48,102,67.6,4.39,98.16,Healthy
2026-04-08 22:51:48,103,70.95,3.23,100.25,Healthy
2026-04-08 22:52:48,103,67.97,4.53,94.09,Healthy
2026-04-08 22:53:48,102,69.69,5.23,100.04,Healthy
2026-04-08 22:54:48,103,72.51,4.99,107.46,Healthy
2026-04-08 22:55:48,103,71.19,3.75,97.64,Healthy
2026-04-08 22:56:48,102,69.83,5.4,96.32,Healthy
2026-04-08 22:57:48,101,69.05,5.68,98.46,Healthy
2026-04-08 22:58:48,103,68.61,5.7,91.95,Healthy
2026-04-08 22:59:48,101,73.03,4.96,100.72,Healthy
2026-04-08 23:00:48,103,70.62,5.9,112.61,Healthy
2026-04-08 23:01:48,103,70.73,5.26,102.5,Healthy
2026-04-08 23:02:48,101,70.1,5.45,101.92,Healthy
2026-04-08 23:03:48,101,67.29,5.74,106.86,Healthy
2026-04-08 23:04:48,102,71.05,4.1,104.1,Healthy
2026-04-08 23:05:48,102,71.32,6.16,101.26,Healthy
2026-04-08 23:06:48,103,70.1,5.59,93.8,Healthy
2026-04-08 23:07:48,101,70.54,4.18,99.74,Healthy
2026-04-08 23:08:48,102,71.57,4.35,96.8,Healthy
2026-04-08 23:09:48,103,73.66,7.66,103.62,Healthy
2026-04-08 23:10:48,103,70.8,4.17,99.26,Healthy
2026-04-08 23:11:48,101,68.05,5.31,107.07,Healthy
2026-04-08 23:12:48,101,71.27,6.52,98.18,Healthy
2026-04-08 23:13:48,102,67.47,4.59,99.06,Healthy
2026-04-08 23:14:48,102,69.37,4.51,94.85,Healthy
2026-04-08 23:15:48,103,68.17,5.38,90.45,Healthy
2026-04-08 23:16:48,101,70.89,5.51,94.33,Healthy
2026-04-08 23:17:48,103,67.4,4.44,108.61,Healthy
2026-04-08 23:18:48,103,72.83,5.13,110.33,Healthy
2026-04-08 23:19:48,102,68.74,6.58,101.51,Healthy
2026-04-08 23:20:48,103,74.32,5.54,102.08,Healthy
2026-04-08 23:21:48,101,72.26,5.79,98.69,Healthy
2026-04-08 23:22:48,101,67.34,7.04,97.2,Healthy
2026-04-08 23:23:48,102,68.5,4.7,102.1,Healthy
2026-04-08 23:24:48,103,71.68,3.3,101.9,Healthy
2026-04-08 23:25:48,101,72.93,5.33,95.5,Healthy
2026-04-08 23:26:48,101,72.91,5.63,95.28,Healthy
2026-04-08 23:27:48,103,71.44,4.45,103.45,Healthy
2026-04-08 23:28:48,103,67.17,5.75,99.58,Healthy
2026-04-08 23:29:48,103,69.08,4.27,109.19,Healthy
2026-04-08 23:30:48,101,70.52,6.01,101.27,Healthy
2026-04-08 23:31:48,102,70.43,5.59,98.94,Healthy
2026-04-08 23:32:48,101,72.46,3.95,104.15,Healthy
2026-04-08 23:33:48,101,70.05,4.62,103.1,Healthy
2026-04-08 23:34:48,101,65.59,6.38,99.6,Healthy
2026-04-08 23:35:48,101,68.23,3.21,105.9,Healthy
2026-04-08 23:36:48,102,68.8,4.72,92.76,Healthy
2026-04-08 23:37:48,101,73.63,4.22,104.62,Healthy
2026-04-08 23:38:48,102,67.58,5.33,108.31,Healthy
2026-04-08 23:39:48,103,70.77,5.55,94.93,Healthy
2026-04-08 23:40:48,103,71.7,4.06,99.76,Healthy
2026-04-08 23:41:48,101,71.8,3.61,93.9,Healthy
2026-04-08 23:42:48,101,71.62,4.84,99.96,Healthy
2026-04-08 23:43:48,101,71.32,5.26,99.07,Healthy
2026-04-08 23:44:48,103,69.6,5.15,96.02,Healthy
2026-04-08 23:45:48,102,73.5,3.68,93.86,Healthy
2026-04-08 23:46:48,103,74.0,4.78,96.83,Healthy
2026-04-08 23:47:48,103,69.55,5.29,104.73,Healthy
2026-04-08 23:48:48,102,69.15,5.13,102.07,Healthy
2026-04-08 23:49:48,101,71.46,4.5,106.42,Healthy
2026-04-08 23:50:48,101,68.22,4.89,101.04,Healthy
2026-04-08 23:51:48,101,69.13,5.38,98.78,Healthy
2026-04-08 23:52:48,101,72.13,5.12,100.87,Healthy
2026-04-08 23:53:48,102,69.62,6.51,101.61,Healthy
2026-04-08 23:54:48,103,67.04,5.36,93.48,Healthy
2026-04-08 23:55:48,103,68.47,5.71,100.29,Healthy
2026-04-08 23:56:48,102,69.68,6.79,103.75,Healthy
2026-04-08 23:57:48,102,70.44,5.47,104.81,Healthy
2026-04-08 23:58:48,101,67.9,4.79,93.45,Healthy
2026-04-08 23:59:48,103,69.76,4.83,93.2,Healthy
2026-04-09 00:00:48,102,67.29,4.84,101.47,Healthy
2026-04-09 00:01:48,102,67.32,5.54,101.31,Healthy
2026-04-09 00:02:48,101,69.82,4.08,98.75,Healthy
2026-04-09 00:03:48,103,66.55,4.44,100.51,Healthy
2026-04-09 00:04:48,102,70.76,5.64,103.57,Healthy
2026-04-09 00:05:48,103,72.58,5.25,109.59,Healthy
2026-04-09 00:06:48,102,72.03,5.74,101.21,Healthy
2026-04-09 00:07:48,102,69.81,4.84,101.41,Healthy
2026-04-09 00:08:48,103,68.25,6.26,93.38,Healthy
2026-04-09 00:09:48,101,67.87,4.57,94.78,Healthy
2026-04-09 00:10:48,101,69.48,3.2,102.6,Healthy
2026-04-09 00:11:48,101,68.68,6.18,97.16,Healthy
2026-04-09 00:12:48,102,73.78,2.51,99.09,Healthy
2026-04-09 00:13:48,101,67.84,5.1,104.87,Healthy
2026-04-09 00:14:48,101,70.75,3.86,97.07,Healthy
2026-04-09 00:15:48,103,69.58,5.42,94.79,Healthy
2026-04-09 00:16:48,101,73.01,2.96,102.91,Healthy
2026-04-09 00:17:48,101,69.08,3.86,102.01,Healthy
2026-04-09 00:18:48,102,70.16,4.42,101.19,Healthy
2026-04-09 00:19:48,101,74.89,4.97,102.49,Healthy
2026-04-09 00:20:48,103,68.84,3.41,96.12,Healthy
2026-04-09 00:21:48,103,69.32,6.4,96.75,Healthy
2026-04-09 00:22:48,102,67.78,4.55,106.94,Healthy
2026-04-09 00:23:48,102,72.1,5.65,96.83,Healthy
2026-04-09 00:24:48,102,71.3,5.39,106.66,Healthy
2026-04-09 00:25:48,101,72.48,4.59,95.96,Healthy
2026-04-09 00:26:48,101,67.86,6.08,99.65,Healthy
2026-04-09 00:27:48,103,69.44,5.02,97.61,Healthy
2026-04-09 00:28:48,103,70.68,6.19,102.44,Healthy
2026-04-09 00:29:48,101,71.31,6.07,106.48,Healthy
2026-04-09 00:30:48,103,69.8,4.06,92.57,Healthy
2026-04-09 00:31:48,101,69.12,5.14,95.84,Healthy
2026-04-09 00:32:48,103,71.61,7.03,95.33,Healthy
2026-04-09 00:33:48,102,71.49,5.6,95.0,Healthy
2026-04-09 00:34:48,103,71.41,5.66,100.99,Healthy
2026-04-09 00:35:48,102,69.45,6.22,103.05,Healthy
2026-04-09 00:36:48,101,68.46,4.01,99.13,Healthy
2026-04-09 00:37:48,102,72.96,4.72,102.64,Healthy
2026-04-09 00:38:48,102,71.51,5.51,92.83,Healthy
2026-04-09 00:39:48,102,67.95,4.46,100.33,Healthy
2026-04-09 00:40:48,101,66.59,5.42,108.82,Healthy
2026-04-09 00:41:48,103,68.31,4.05,93.79,Healthy
2026-04-09 00:42:48,102,71.73,3.79,99.49,Healthy
2026-04-09 00:43:48,103,69.41,4.66,95.78,Healthy
2026-04-09 00:44:48,103,70.85,4.92,95.89,Healthy
2026-04-09 00:45:48,102,71.71,5.34,106.67,Healthy
2026-04-09 00:46:48,101,69.37,5.92,105.53,Healthy
2026-04-09 00:47:48,101,69.49,4.31,106.81,Healthy
2026-04-09 00:48:48,103,69.97,4.78,101.96,Healthy
2026-04-09 00:49:48,103,67.16,5.43,111.99,Healthy
2026-04-09 00:50:48,101,67.69,4.56,100.23,Healthy
2026-04-09 00:51:48,101,69.51,6.96,108.29,Healthy
2026-04-09 00:52:48,103,67.56,5.91,100.4,Healthy
2026-04-09 00:53:48,102,69.48,4.22,110.28,Healthy
2026-04-09 00:54:48,103,67.61,6.57,101.28,Healthy
2026-04-09 00:55:48,103,72.8,4.54,103.41,Healthy
2026-04-09 00:56:48,103,68.44,5.5,99.73,Healthy
2026-04-09 00:57:48,102,68.78,4.06,105.56,Healthy
2026-04-09 00:58:48,102,72.19,6.84,100.21,Healthy
2026-04-09 00:59:48,102,70.43,4.93,100.68,Healthy
2026-04-09 01:00:48,102,69.69,5.6,97.85,Healthy
2026-04-09 01:01:48,102,65.01,4.64,100.7,Healthy
2026-04-09 01:02:48,102,68.74,5.38,89.69,Healthy
2026-04-09 01:03:48,103,68.26,4.12,99.02,Healthy
2026-04-09 01:04:48,103,67.61,3.99,99.36,Healthy
2026-04-09 01:05:48,101,68.37,5.82,102.11,Healthy
2026-04-09 01:06:48,103,70.0,6.17,92.15,Healthy
2026-04-09 01:07:48,101,70.57,6.85,117.79,Healthy
2026-04-09 01:08:48,101,70.09,5.33,109.63,Healthy
2026-04-09 01:09:48,103,69.5,4.77,103.7,Healthy
2026-04-09 01:10:48,103,71.07,5.44,101.34,Healthy
2026-04-09 01:11:48,101,67.01,5.39,105.44,Healthy
2026-04-09 01:12:48,103,70.84,5.74,100.96,Healthy
2026-04-09 01:13:48,103,68.62,3.82,109.82,Healthy
2026-04-09 01:14:48,102,74.22,5.17,104.72,Healthy
2026-04-09 01:15:48,103,70.51,4.59,98.11,Healthy
2026-04-09 01:16:48,103,66.9,5.64,105.55,Healthy
2026-04-09 01:17:48,103,67.46,4.38,103.35,Healthy
2026-04-09 01:18:48,101,66.61,3.66,111.31,Healthy
2026-04-09 01:19:48,103,73.28,3.59,95.1,Healthy
2026-04-09 01:20:48,101,75.04,4.47,105.81,Healthy
2026-04-09 01:21:48,101,70.35,4.87,99.71,Healthy
2026-04-09 01:22:48,102,69.78,3.4,101.52,Healthy
2026-04-09 01:23:48,103,69.76,6.81,99.44,Healthy
2026-04-09 01:24:48,101,68.62,3.41,102.1,Healthy
2026-04-09 01:25:48,101,70.17,4.16,107.08,Healthy
2026-04-09 01:26:48,103,73.52,5.78,96.7,Healthy
2026-04-09 01:27:48,102,71.65,4.14,106.19,Healthy
2026-04-09 01:28:48,102,67.93,4.88,105.61,Healthy
2026-04-09 01:29:48,101,73.6,5.91,107.45,Healthy
2026-04-09 01:30:48,103,73.9,4.24,88.21,Healthy
2026-04-09 01:31:48,101,70.26,1.78,102.62,Healthy
2026-04-09 01:32:48,101,69.3,4.2,91.64,Healthy
2026-04-09 01:33:48,102,74.68,4.28,100.71,Healthy
2026-04-09 01:34:48,103,66.89,4.08,98.66,Healthy
2026-04-09 01:35:48,103,70.87,5.9,102.98,Healthy
2026-04-09 01:36:48,103,68.03,5.51,109.08,Healthy
2026-04-09 01:37:48,103,68.08,5.23,98.83,Healthy
2026-04-09 01:38:48,101,72.39,3.16,103.19,Healthy
2026-04-09 01:39:48,101,65.62,4.32,96.86,Healthy
2026-04-09 01:40:48,101,71.25,5.57,103.55,Healthy
2026-04-09 01:41:48,101,68.05,5.49,104.33,Healthy
2026-04-09 01:42:48,102,71.09,7.77,98.89,Healthy
2026-04-09 01:43:48,101,69.64,4.85,104.82,Healthy
2026-04-09 01:44:48,103,70.33,6.03,96.5,Healthy
2026-04-09 01:45:48,103,71.91,5.23,92.66,Healthy
2026-04-09 01:46:48,102,68.82,4.12,93.97,Healthy
2026-04-09 01:47:48,102,68.29,5.29,102.28,Healthy
2026-04-09 01:48:48,103,68.15,7.04,110.18,Healthy
2026-04-09 01:49:48,101,66.13,2.89,104.0,Healthy
2026-04-09 01:50:48,101,71.71,3.7,106.18,Healthy
2026-04-09 01:51:48,101,76.51,4.25,96.95,Healthy
2026-04-09 01:52:48,103,68.82,6.18,99.11,Healthy
2026-04-09 01:53:48,102,67.48,2.6,105.27,Healthy
2026-04-09 01:54:48,103,72.2,3.09,106.32,Healthy
2026-04-09 01:55:48,102,68.05,4.67,98.29,Healthy
2026-04-09 01:56:48,103,70.6,3.83,100.93,Healthy
2026-04-09 01:57:48,101,68.91,5.6,96.23,Healthy
2026-04-09 01:58:48,102,72.05,7.06,103.43,Healthy
2026-04-09 01:59:48,101,72.84,5.56,105.5,Healthy
2026-04-09 02:00:48,102,66.88,5.52,111.85,Healthy
2026-04-09 02:01:48,101,68.64,6.41,97.3,Healthy
2026-04-09 02:02:48,102,71.13,5.75,106.55,Healthy
2026-04-09 02:03:48,103,70.0,4.9,108.99,Healthy
2026-04-09 02:04:48,103,70.89,5.39,102.2,Healthy
2026-04-09 02:05:48,102,70.69,3.91,104.71,Healthy
2026-04-09 02:06:48,102,70.17,5.37,103.79,Healthy
2026-04-09 02:07:48,103,69.66,4.84,93.21,Healthy
2026-04-09 02:08:48,103,72.45,3.53,102.6,Healthy
2026-04-09 02:09:48,101,73.6,4.86,103.26,Healthy
2026-04-09 02:10:48,101,66.77,4.44,95.61,Healthy
2026-04-09 02:11:48,103,71.23,5.18,101.26,Healthy
2026-04-09 02:12:48,102,71.15,4.62,99.03,Healthy
2026-04-09 02:13:48,102,70.68,3.53,94.51,Healthy
2026-04-09 02:14:48,103,70.53,4.75,99.86,Healthy
2026-04-09 02:15:48,101,73.09,3.05,101.33,Healthy
2026-04-09 02:16:48,103,71.85,5.39,107.69,Healthy
2026-04-09 02:17:48,102,75.55,8.14,109.07,Healthy
2026-04-09 02:18:48,102,68.47,6.42,96.88,Healthy
2026-04-09 02:19:48,101,71.26,2.61,103.11,Healthy
2026-04-09 02:20:48,103,70.32,6.27,109.65,Healthy
2026-04-09 02:21:48,101,71.17,4.42,104.5,Healthy
2026-04-09 02:22:48,102,68.79,5.67,108.42,Healthy
2026-04-09 02:23:48,102,70.87,5.8,101.49,Healthy
2026-04-09 02:24:48,103,67.06,5.11,96.27,Healthy
2026-04-09 02:25:48,103,68.6,5.8,105.01,Healthy
2026-04-09 02:26:48,101,71.05,4.82,101.2,Healthy
2026-04-09 02:27:48,101,70.6,3.12,98.82,Healthy
2026-04-09 02:28:48,103,70.1,5.16,98.86,Healthy
2026-04-09 02:29:48,101,66.02,4.71,95.56,Healthy
2026-04-09 02:30:48,102,72.19,7.27,104.25,Healthy
2026-04-09 02:31:48,101,69.71,5.4,102.87,Healthy
2026-04-09 02:32:48,102,68.88,6.24,98.72,Healthy
2026-04-09 02:33:48,102,70.55,5.78,106.73,Healthy
2026-04-09 02:34:48,101,72.37,5.14,99.5,Healthy
2026-04-09 02:35:48,103,69.51,6.69,105.62,Healthy
2026-04-09 02:36:48,103,71.45,3.98,96.8,Healthy
2026-04-09 02:37:48,103,68.57,7.01,101.76,Healthy
2026-04-09 02:38:48,103,69.87,6.16,105.2,Healthy
2026-04-09 02:39:48,103,72.91,3.63,98.81,Healthy
2026-04-09 02:40:48,103,71.83,4.7,102.94,Healthy
2026-04-09 02:41:48,103,66.96,5.21,104.2,Healthy
2026-04-09 02:42:48,103,70.93,6.24,102.2,Healthy
2026-04-09 02:43:48,102,70.16,4.86,105.18,Healthy
2026-04-09 02:44:48,101,70.5,4.62,96.98,Healthy
2026-04-09 02:45:48,102,69.45,4.08,99.24,Healthy
2026-04-09 02:46:48,103,70.95,6.37,102.23,Healthy
2026-04-09 02:47:48,102,69.69,5.38,99.2,Healthy
2026-04-09 02:48:48,103,68.5,5.25,98.37,Healthy
2026-04-09 02:49:48,102,72.3,4.96,113.65,Healthy
2026-04-09 02:50:48,101,70.18,4.36,94.28,Healthy
2026-04-09 02:51:48,101,72.27,5.27,94.88,Healthy
2026-04-09 02:52:48,103,71.69,4.95,98.55,Healthy
2026-04-09 02:53:48,101,70.71,4.98,102.39,Healthy
2026-04-09 02:54:48,101,69.75,5.71,94.54,Healthy
2026-04-09 02:55:48,102,69.82,4.26,98.44,Healthy
2026-04-09 02:56:48,101,66.49,4.53,99.28,Healthy
2026-04-09 02:57:48,101,68.04,4.6,107.78,Healthy
2026-04-09 02:58:48,102,70.52,5.99,100.91,Healthy
2026-04-09 02:59:48,102,71.71,5.49,94.66,Healthy
2026-04-09 03:00:48,102,67.94,5.57,104.41,Healthy
2026-04-09 03:01:48,101,69.8,3.62,95.43,Healthy
2026-04-09 03:02:48,103,70.5,5.23,102.25,Healthy
2026-04-09 03:03:48,103,69.55,4.2,98.96,Healthy
2026-04-09 03:04:48,101,67.13,8.32,98.93,Healthy
2026-04-09 03:05:48,103,71.32,4.52,102.96,Healthy
2026-04-09 03:06:48,103,67.39,2.8,101.53,Healthy
2026-04-09 03:07:48,103,69.79,2.99,113.66,Healthy
2026-04-09 03:08:48,102,70.96,5.47,105.77,Healthy
2026-04-09 03:09:48,101,68.45,4.96,103.58,Healthy
2026-04-09 03:10:48,102,72.24,5.81,106.56,Healthy
2026-04-09 03:11:48,101,67.95,4.95,102.62,Healthy
2026-04-09 03:12:48,101,68.28,5.11,101.51,Healthy
2026-04-09 03:13:48,101,67.93,4.8,104.98,Healthy
2026-04-09 03:14:48,103,68.29,5.91,106.1,Healthy
2026-04-09 03:15:48,103,70.39,4.81,90.43,Healthy
2026-04-09 03:16:48,103,68.16,5.99,96.66,Healthy
2026-04-09 03:17:48,102,70.01,6.44,105.36,Healthy
2026-04-09 03:18:48,103,68.15,5.13,100.69,Healthy
2026-04-09 03:19:48,101,69.07,6.57,97.86,Healthy
2026-04-09 03:20:48,102,74.07,5.53,100.29,Healthy
2026-04-09 03:21:48,101,69.24,5.11,100.28,Healthy
2026-04-09 03:22:48,101,67.51,4.58,105.1,Healthy
2026-04-09 03:23:48,103,71.14,4.87,100.84,Healthy
2026-04-09 03:24:48,102,70.94,4.33,100.67,Healthy
2026-04-09 03:25:48,101,70.66,4.53,95.07,Healthy
2026-04-09 03:26:48,102,71.03,4.22,99.38,Healthy
2026-04-09 03:27:48,102,77.43,4.32,103.77,Healthy
2026-04-09 03:28:48,103,68.22,7.07,95.39,Healthy
2026-04-09 03:29:48,101,67.48,4.48,100.33,Healthy
2026-04-09 03:30:48,103,68.25,6.02,97.73,Healthy
2026-04-09 03:31:48,102,69.81,5.12,89.17,Healthy
2026-04-09 03:32:48,103,72.14,4.65,93.54,Healthy
2026-04-09 03:33:48,103,71.84,4.05,103.21,Healthy
2026-04-09 03:34:48,102,68.87,5.71,94.9,Healthy
2026-04-09 03:35:48,103,67.56,3.61,92.53,Healthy
2026-04-09 03:36:48,101,72.62,6.35,108.17,Healthy
2026-04-09 03:37:48,102,70.02,5.55,105.98,Healthy
2026-04-09 03:38:48,103,68.72,3.76,98.1,Healthy
2026-04-09 03:39:48,101,71.2,5.47,94.81,Healthy
2026-04-09 03:40:48,101,69.67,3.94,101.23,Healthy
2026-04-09 03:41:48,102,71.05,3.39,105.16,Healthy
2026-04-09 03:42:48,103,67.76,4.31,92.7,Healthy
2026-04-09 03:43:48,103,69.59,4.69,96.8,Healthy
2026-04-09 03:44:48,103,66.05,5.59,97.35,Healthy
2026-04-09 03:45:48,101,70.34,5.86,114.04,Healthy
2026-04-09 03:46:48,101,71.28,3.84,104.12,Healthy
2026-04-09 03:47:48,101,70.08,4.09,103.21,Healthy
2026-04-09 03:48:48,102,69.01,3.45,95.35,Healthy
2026-04-09 03:49:48,103,70.04,3.33,94.05,Healthy
2026-04-09 03:50:48,102,67.41,2.74,101.41,Healthy
2026-04-09 03:51:48,102,70.64,5.9,102.8,Healthy
2026-04-09 03:52:48,101,71.38,4.88,95.83,Healthy
2026-04-09 03:53:48,102,72.65,5.53,96.84,Healthy
2026-04-09 03:54:48,103,71.25,5.93,99.09,Healthy
2026-04-09 03:55:48,103,68.74,4.19,102.97,Healthy
2026-04-09 03:56:48,103,70.58,5.12,102.31,Healthy
2026-04-09 03:57:48,102,70.19,4.52,97.62,Healthy
2026-04-09 03:58:48,103,73.12,3.23,98.45,Healthy
2026-04-09 03:59:48,103,68.19,4.54,96.03,Healthy
2026-04-09 04:00:48,101,67.07,4.78,98.62,Healthy
2026-04-09 04:01:48,101,73.14,4.98,106.42,Healthy
2026-04-09 04:02:48,102,72.01,3.53,100.2,Healthy
2026-04-09 04:03:48,103,69.67,4.48,96.57,Healthy
2026-04-09 04:04:48,102,70.01,4.79,98.9,Healthy
2026-04-09 04:05:48,103,70.78,3.79,94.86,Healthy
2026-04-09 04:06:48,102,67.02,3.67,108.84,Healthy
2026-04-09 04:07:48,101,70.34,3.17,95.28,Healthy
2026-04-09 04:08:48,103,69.6,4.25,101.01,Healthy
2026-04-09 04:09:48,102,69.65,5.19,92.94,Healthy
2026-04-09 04:10:48,103,71.11,6.68,98.18,Healthy
2026-04-09 04:11:48,102,70.65,4.84,102.14,Healthy
2026-04-09 04:12:48,101,69.07,6.13,92.96,Healthy
2026-04-09 04:13:48,101,73.56,4.19,99.31,Healthy
2026-04-09 04:14:48,102,69.46,6.3,100.9,Healthy
2026-04-09 04:15:48,103,69.78,4.52,90.65,Healthy
2026-04-09 04:16:48,101,67.89,4.01,102.0,Healthy
2026-04-09 04:17:48,102,67.06,3.56,99.87,Healthy
2026-04-09 04:18:48,102,71.73,6.19,99.02,Healthy
2026-04-09 04:19:48,102,69.82,4.15,97.56,Healthy
2026-04-09 04:20:48,102,72.72,6.05,99.45,Healthy
2026-04-09 04:21:48,101,68.89,2.11,110.15,Healthy
2026-04-09 04:22:48,103,71.04,5.02,91.99,Healthy
2026-04-09 04:23:48,103,72.09,5.57,96.31,Healthy
2026-04-09 04:24:48,103,70.41,5.09,95.99,Healthy
2026-04-09 04:25:48,101,70.0,5.78,90.95,Healthy
2026-04-09 04:26:48,103,71.01,5.29,102.25,Healthy
2026-04-09 04:27:48,103,74.17,4.84,104.08,Healthy
2026-04-09 04:28:48,102,67.85,5.42,100.65,Healthy
2026-04-09 04:29:48,103,68.05,5.68,104.45,Healthy
2026-04-09 04:30:48,103,70.15,5.72,102.78,Healthy
2026-04-09 04:31:48,102,68.39,4.63,99.26,Healthy
2026-04-09 04:32:48,101,70.81,7.02,100.04,Healthy
2026-04-09 04:33:48,103,68.51,3.49,97.61,Healthy
2026-04-09 04:34:48,101,69.0,4.31,103.56,Healthy
2026-04-09 04:35:48,101,67.6,4.24,102.46,Healthy
2026-04-09 04:36:48,101,69.55,4.49,99.42,Healthy
2026-04-09 04:37:48,103,69.83,4.28,97.82,Healthy
2026-04-09 04:38:48,103,67.47,4.69,97.04,Healthy
2026-04-09 04:39:48,102,68.77,2.73,97.33,Healthy
2026-04-09 04:40:48,102,69.97,4.16,104.21,Healthy
2026-04-09 04:41:48,103,68.17,4.95,99.43,Healthy
2026-04-09 04:42:48,102,66.96,3.97,98.24,Healthy
2026-04-09 04:43:48,103,70.5,4.44,103.53,Healthy
2026-04-09 04:44:48,102,73.39,4.75,102.46,Healthy
2026-04-09 04:45:48,102,66.66,5.82,92.53,Healthy
2026-04-09 04:46:48,101,71.01,2.43,100.95,Healthy
2026-04-09 04:47:48,102,70.99,4.77,100.55,Healthy
2026-04-09 04:48:48,103,68.91,5.06,99.22,Healthy
2026-04-09 04:49:48,101,71.43,6.69,105.96,Healthy
2026-04-09 04:50:48,103,67.94,5.29,104.43,Healthy
2026-04-09 04:51:48,101,72.41,4.55,94.92,Healthy
2026-04-09 04:52:48,101,70.82,5.17,107.52,Healthy
2026-04-09 04:53:48,101,70.19,3.44,95.75,Healthy
2026-04-09 04:54:48,102,68.66,3.93,97.09,Healthy
2026-04-09 04:55:48,101,74.25,5.44,105.31,Healthy
2026-04-09 04:56:48,103,69.66,4.89,98.67,Healthy
2026-04-09 04:57:48,102,68.03,5.39,96.09,Healthy
2026-04-09 04:58:48,101,70.88,3.37,88.93,Healthy
2026-04-09 04:59:48,101,68.03,4.13,95.78,Healthy
2026-04-09 05:00:48,102,70.94,4.39,106.15,Healthy
2026-04-09 05:01:48,103,67.02,4.34,97.8,Healthy
2026-04-09 05:02:48,101,72.46,6.1,97.6,Healthy
2026-04-09 05:03:48,102,71.56,4.05,101.3,Healthy
2026-04-09 05:04:48,101,69.79,5.34,102.3,Healthy
2026-04-09 05:05:48,102,70.17,5.57,100.7,Healthy
2026-04-09 05:06:48,102,71.84,6.0,90.83,Healthy
2026-04-09 05:07:48,103,69.55,3.6,99.06,Healthy
2026-04-09 05:08:48,103,70.34,4.77,98.65,Healthy
2026-04-09 05:09:48,103,72.35,4.03,101.21,Healthy
2026-04-09 05:10:48,103,68.46,4.43,94.36,Healthy
2026-04-09 05:11:48,101,70.16,4.34,101.61,Healthy
2026-04-09 05:12:48,103,72.1,3.55,108.64,Healthy
2026-04-09 05:13:48,102,71.99,4.53,98.28,Healthy
2026-04-09 05:14:48,101,70.89,5.87,105.62,Healthy
2026-04-09 05:15:48,101,68.17,4.71,99.31,Healthy
2026-04-09 05:16:48,102,72.11,3.5,103.63,Healthy
2026-04-09 05:17:48,101,71.39,5.51,92.97,Healthy
2026-04-09 05:18:48,101,70.45,7.13,107.23,Healthy
2026-04-09 05:19:48,102,70.41,4.35,105.68,Healthy
2026-04-09 05:20:48,102,71.77,5.42,108.65,Healthy
2026-04-09 05:21:48,103,68.04,3.87,99.66,Healthy
2026-04-09 05:22:48,103,70.15,5.52,89.36,Healthy
2026-04-09 05:23:48,101,68.84,6.48,96.05,Healthy
2026-04-09 05:24:48,103,69.57,5.55,98.98,Healthy
2026-04-09 05:25:48,102,70.02,4.56,102.67,Healthy
2026-04-09 05:26:48,101,69.58,6.09,102.73,Healthy
2026-04-09 05:27:48,101,70.83,3.29,99.53,Healthy
2026-04-09 05:28:48,101,71.14,6.55,89.51,Healthy
2026-04-09 05:29:48,101,67.4,6.77,97.03,Healthy
2026-04-09 05:30:48,103,70.08,5.9,101.86,Healthy
2026-04-09 05:31:48,102,71.23,5.45,107.21,Healthy
2026-04-09 05:32:48,102,72.14,6.56,106.77,Healthy
2026-04-09 05:33:48,101,71.92,4.08,99.31,Healthy
2026-04-09 05:34:48,102,69.38,6.8,103.02,Healthy
2026-04-09 05:35:48,101,68.65,4.65,97.94,Healthy
2026-04-09 05:36:48,102,71.79,4.7,106.44,Healthy
2026-04-09 05:37:48,101,68.35,4.93,103.09,Healthy
2026-04-09 05:38:48,102,70.57,5.18,101.86,Healthy
2026-04-09 05:39:48,103,69.7,2.8,97.71,Healthy
2026-04-09 05:40:48,103,73.18,5.61,99.71,Healthy
2026-04-09 05:41:48,102,66.03,3.07,94.77,Healthy
2026-04-09 05:42:48,102,70.55,4.24,97.16,Healthy
2026-04-09 05:43:48,103,69.61,4.95,97.99,Healthy
2026-04-09 05:44:48,102,69.64,5.56,99.2,Healthy
2026-04-09 05:45:48,102,71.67,5.89,99.38,Healthy
2026-04-09 05:46:48,103,69.63,4.2,92.87,Healthy
2026-04-09 05:47:48,103,72.75,4.9,102.74,Healthy
2026-04-09 05:48:48,101,71.4,4.89,103.33,Healthy
2026-04-09 05:49:48,103,69.7,4.54,100.82,Healthy
2026-04-09 05:50:48,101,68.38,4.51,97.58,Healthy
2026-04-09 05:51:48,102,70.62,5.87,95.54,Healthy
2026-04-09 05:52:48,103,71.51,4.57,96.91,Healthy
2026-04-09 05:53:48,101,69.06,5.13,103.06,Healthy
2026-04-09 05:54:48,101,70.5,5.4,103.32,Healthy
2026-04-09 05:55:48,103,69.57,5.66,97.21,Healthy
2026-04-09 05:56:48,101,67.19,5.74,110.76,Healthy
2026-04-09 05:57:48,103,69.47,4.37,101.13,Healthy
2026-04-09 05:58:48,101,70.88,5.68,96.32,Healthy
2026-04-09 05:59:48,103,70.04,4.33,104.23,Healthy
2026-04-09 06:00:48,102,68.92,3.63,99.14,Healthy
2026-04-09 06:01:48,101,69.94,4.56,98.3,Healthy
2026-04-09 06:02:48,101,69.47,3.02,95.6,Healthy
2026-04-09 06:03:48,101,67.59,5.75,99.65,Healthy
2026-04-09 06:04:48,101,65.46,3.58,96.83,Healthy
2026-04-09 06:05:48,102,71.36,4.09,112.68,Healthy
2026-04-09 06:06:48,103,69.94,2.65,103.09,Healthy
2026-04-09 06:07:48,103,73.55,4.75,105.57,Healthy
2026-04-09 06:08:48,102,70.41,4.32,90.51,Healthy
2026-04-09 06:09:48,101,69.09,4.66,102.41,Healthy
2026-04-09 06:10:48,103,72.88,4.91,100.2,Healthy
2026-04-09 06:11:48,103,70.43,5.07,92.6,Healthy
2026-04-09 06:12:48,102,72.37,7.32,90.3,Healthy
2026-04-09 06:13:48,102,70.67,5.17,107.12,Healthy
2026-04-09 06:14:48,103,70.57,5.89,98.05,Healthy
2026-04-09 06:15:48,103,70.79,4.45,102.48,Healthy
2026-04-09 06:16:48,101,72.08,1.95,89.63,Healthy
2026-04-09 06:17:48,103,72.45,4.57,109.87,Healthy
2026-04-09 06:18:48,102,70.94,4.54,99.35,Healthy
2026-04-09 06:19:48,102,68.79,5.0,105.04,Healthy
2026-04-09 06:20:48,103,67.14,4.66,106.35,Healthy
2026-04-09 06:21:48,102,68.36,3.87,100.99,Healthy
2026-04-09 06:22:48,103,69.8,5.91,95.43,Healthy
2026-04-09 06:23:48,102,73.44,3.97,101.64,Healthy
2026-04-09 06:24:48,102,71.14,5.18,96.9,Healthy
2026-04-09 06:25:48,102,70.01,4.79,103.48,Healthy
2026-04-09 06:26:48,101,70.35,3.3,93.72,Healthy
2026-04-09 06:27:48,102,67.93,3.77,100.51,Healthy
2026-04-09 06:28:48,102,71.48,5.8,101.73,Healthy
2026-04-09 06:29:48,102,66.88,6.83,111.95,Healthy
2026-04-09 06:30:48,103,69.14,5.19,101.9,Healthy
2026-04-09 06:31:48,101,69.23,6.24,101.01,Healthy
2026-04-09 06:32:48,103,69.94,3.46,106.09,Healthy
2026-04-09 06:33:48,102,68.91,4.12,101.61,Healthy
2026-04-09 06:34:48,101,70.78,2.81,104.41,Healthy
2026-04-09 06:35:48,101,70.24,6.2,94.18,Healthy
2026-04-09 06:36:48,102,71.63,4.58,95.25,Healthy
2026-04-09 06:37:48,103,67.93,4.53,94.96,Healthy
2026-04-09 06:38:48,102,70.21,3.65,98.04,Healthy
2026-04-09 06:39:48,101,67.92,5.97,87.14,Healthy
2026-04-09 06:40:48,102,70.52,7.72,98.45,Healthy
2026-04-09 06:41:48,102,68.63,3.82,93.35,Healthy
2026-04-09 06:42:48,103,68.76,5.86,98.73,Healthy
2026-04-09 06:43:48,101,71.34,5.47,105.51,Healthy
2026-04-09 06:44:48,102,71.53,5.81,93.55,Healthy
2026-04-09 06:45:48,102,72.44,4.21,93.86,Healthy
2026-04-09 06:46:48,101,71.12,6.85,98.05,Healthy
2026-04-09 06:47:48,102,69.24,4.38,97.1,Healthy
2026-04-09 06:48:48,103,71.27,5.6,95.7,Healthy
2026-04-09 06:49:48,102,69.16,5.75,94.64,Healthy
2026-04-09 06:50:48,102,70.02,5.24,97.12,Healthy
2026-04-09 06:51:48,103,69.6,5.28,111.79,Healthy
2026-04-09 06:52:48,102,69.16,5.37,97.65,Healthy
2026-04-09 06:53:48,102,71.82,5.47,95.76,Healthy
2026-04-09 06:54:48,102,66.99,4.59,95.81,Healthy
2026-04-09 06:55:48,102,71.15,5.42,102.82,Healthy
2026-04-09 06:56:48,101,71.65,3.83,104.71,Healthy
2026-04-09 06:57:48,103,68.1,6.17,105.7,Healthy
2026-04-09 06:58:48,102,70.57,6.48,95.93,Healthy
2026-04-09 06:59:48,103,69.0,4.55,93.47,Healthy
2026-04-09 07:00:48,102,67.11,4.34,93.52,Healthy
2026-04-09 07:01:48,101,74.78,5.96,104.12,Healthy
2026-04-09 07:02:48,102,66.97,4.05,98.8,Healthy
2026-04-09 07:03:48,103,71.43,5.58,107.27,Healthy
2026-04-09 07:04:48,102,72.77,5.15,100.6,Healthy
2026-04-09 07:05:48,103,67.97,5.37,99.95,Healthy
2026-04-09 07:06:48,103,72.68,3.83,104.43,Healthy
2026-04-09 07:07:48,102,68.97,5.24,109.02,Healthy
2026-04-09 07:08:48,103,70.33,4.85,99.48,Healthy
2026-04-09 07:09:48,102,64.33,4.72,96.7,Healthy
2026-04-09 07:10:48,101,75.5,5.86,100.07,Healthy
2026-04-09 07:11:48,103,66.64,2.83,99.78,Healthy
2026-04-09 07:12:48,103,71.92,4.57,97.25,Healthy
2026-04-09 07:13:48,102,71.78,5.28,99.2,Healthy
2026-04-09 07:14:48,101,73.72,2.7,99.4,Healthy
2026-04-09 07:15:48,103,69.62,6.41,101.9,Healthy
2026-04-09 07:16:48,102,68.25,4.77,102.31,Healthy
2026-04-09 07:17:48,101,67.92,3.58,101.26,Healthy
2026-04-09 07:18:48,103,71.05,5.0,93.11,Healthy
2026-04-09 07:19:48,101,73.02,7.08,94.89,Healthy
2026-04-09 07:20:48,102,74.28,5.51,99.81,Healthy
2026-04-09 07:21:48,101,72.32,2.96,96.41,Healthy
2026-04-09 07:22:48,101,68.11,5.51,98.3,Healthy
2026-04-09 07:23:48,102,69.38,4.77,90.85,Healthy
2026-04-09 07:24:48,103,66.29,3.24,104.86,Healthy
2026-04-09 07:25:48,103,69.52,4.67,98.72,Healthy
2026-04-09 07:26:48,103,68.82,5.24,92.71,Healthy
2026-04-09 07:27:48,103,67.8,5.42,107.67,Healthy
2026-04-09 07:28:48,101,70.47,5.13,107.06,Healthy
2026-04-09 07:29:48,101,70.21,5.86,94.93,Healthy
2026-04-09 07:30:48,102,68.34,3.05,106.89,Healthy
2026-04-09 07:31:48,101,69.11,5.93,91.5,Healthy
2026-04-09 07:32:48,103,68.36,4.33,97.65,Healthy
2026-04-09 07:33:48,101,70.91,6.82,98.32,Healthy
2026-04-09 07:34:48,102,70.34,6.54,94.94,Healthy
2026-04-09 07:35:48,101,69.77,6.24,106.57,Healthy
2026-04-09 07:36:48,103,69.63,5.71,100.0,Healthy
2026-04-09 07:37:48,101,69.57,4.92,102.03,Healthy
2026-04-09 07:38:48,103,73.93,5.37,107.18,Healthy
2026-04-09 07:39:48,103,73.23,6.21,95.73,Healthy
2026-04-09 07:40:48,102,68.03,4.07,94.04,Healthy
2026-04-09 07:41:48,101,68.56,4.71,101.1,Healthy
2026-04-09 07:42:48,101,69.67,6.37,99.99,Healthy
2026-04-09 07:43:48,103,65.26,6.22,97.93,Healthy
2026-04-09 07:44:48,103,68.87,4.8,105.8,Healthy
2026-04-09 07:45:48,102,67.94,4.97,100.07,Healthy
2026-04-09 07:46:48,103,71.13,4.84,94.22,Healthy
2026-04-09 07:47:48,101,70.5,5.98,97.53,Healthy
2026-04-09 07:48:48,103,73.01,4.66,103.6,Healthy
2026-04-09 07:49:48,102,67.98,5.73,91.11,Healthy
2026-04-09 07:50:48,103,69.18,5.44,108.58,Healthy
2026-04-09 07:51:48,103,72.19,6.54,93.92,Healthy
2026-04-09 07:52:48,102,71.97,5.16,105.89,Healthy
2026-04-09 07:53:48,101,69.38,4.52,105.35,Healthy
2026-04-09 07:54:48,102,68.01,5.08,91.97,Healthy
2026-04-09 07:55:48,101,72.5,5.3,98.09,Healthy
2026-04-09 07:56:48,101,68.12,4.19,96.74,Healthy
2026-04-09 07:57:48,101,69.92,5.31,88.57,Healthy
2026-04-09 07:58:48,101,68.49,5.46,105.65,Healthy
2026-04-09 07:59:48,102,68.94,3.27,99.5,Healthy
2026-04-09 08:00:48,101,70.78,4.65,94.74,Healthy
2026-04-09 08:01:48,103,69.34,4.36,91.27,Healthy
2026-04-09 08:02:48,102,71.55,3.94,96.57,Healthy
2026-04-09 08:03:48,102,69.7,2.99,92.8,Healthy
2026-04-09 08:04:48,103,72.37,2.87,109.2,Healthy
2026-04-09 08:05:48,101,73.43,5.73,98.02,Healthy
2026-04-09 08:06:48,103,69.12,4.51,101.58,Healthy
2026-04-09 08:07:48,101,70.24,5.09,102.01,Healthy
2026-04-09 08:08:48,102,70.08,4.15,96.43,Healthy
2026-04-09 08:09:48,102,69.92,5.08,103.44,Healthy
2026-04-09 08:10:48,103,69.56,4.0,98.16,Healthy
2026-04-09 08:11:48,102,73.69,4.95,95.82,Healthy
2026-04-09 08:12:48,102,70.3,5.63,92.28,Healthy
2026-04-09 08:13:48,101,67.18,4.04,99.15,Healthy
2026-04-09 08:14:48,103,71.78,4.98,103.56,Healthy
2026-04-09 08:15:48,101,71.09,3.75,94.51,Healthy
2026-04-09 08:16:48,102,69.89,5.91,103.28,Healthy
2026-04-09 08:17:48,102,72.02,4.16,106.47,Healthy
2026-04-09 08:18:48,103,70.34,3.2,110.24,Healthy
2026-04-09 08:19:48,102,67.94,4.48,108.59,Healthy
2026-04-09 08:20:48,102,72.77,5.28,99.77,Healthy
2026-04-09 08:21:48,101,69.41,4.24,94.12,Healthy
2026-04-09 08:22:48,102,70.23,5.2,96.42,Healthy
2026-04-09 08:23:48,101,72.74,7.6,109.03,Healthy
2026-04-09 08:24:48,102,70.39,6.04,102.31,Healthy
2026-04-09 08:25:48,102,70.3,3.64,97.46,Healthy
2026-04-09 08:26:48,103,70.09,5.34,92.75,Healthy
2026-04-09 08:27:48,101,98.95,17.9,105.08,Warning
2026-04-09 08:28:48,101,70.9,6.73,101.16,Healthy
2026-04-09 08:29:48,103,68.88,4.67,100.66,Healthy
2026-04-09 08:30:48,103,74.49,5.52,105.22,Healthy
2026-04-09 08:31:48,101,74.15,5.34,95.9,Healthy
2026-04-09 08:32:48,102,71.77,5.08,103.56,Healthy
2026-04-09 08:33:48,103,68.24,6.21,103.81,Healthy
2026-04-09 08:34:48,102,70.08,2.57,108.9,Healthy
2026-04-09 08:35:48,103,71.17,4.9,93.66,Healthy
2026-04-09 08:36:48,101,70.61,4.03,107.55,Healthy
2026-04-09 08:37:48,103,69.41,7.24,98.01,Healthy
2026-04-09 08:38:48,103,72.27,7.09,102.08,Healthy
2026-04-09 08:39:48,103,67.8,4.68,105.66,Healthy
2026-04-09 08:40:48,101,65.37,4.77,108.27,Healthy
2026-04-09 08:41:48,102,72.39,4.85,101.16,Healthy
2026-04-09 08:42:48,102,70.54,4.93,97.82,Healthy
2026-04-09 08:43:48,102,72.46,5.18,94.46,Healthy
2026-04-09 08:44:48,101,70.8,4.28,94.33,Healthy
2026-04-09 08:45:48,102,67.86,6.09,101.32,Healthy
2026-04-09 08:46:48,101,71.78,4.87,90.12,Healthy
2026-04-09 08:47:48,103,69.54,5.95,92.27,Healthy
2026-04-09 08:48:48,102,71.95,5.77,100.17,Healthy
2026-04-09 08:49:48,102,70.75,3.11,107.57,Healthy
2026-04-09 08:50:48,102,68.31,4.04,99.6,Healthy
2026-04-09 08:51:48,101,74.25,5.43,90.31,Healthy
2026-04-09 08:52:48,103,71.13,4.67,90.81,Healthy
2026-04-09 08:53:48,101,73.72,5.27,102.01,Healthy
2026-04-09 08:54:48,101,68.24,3.87,107.47,Healthy
2026-04-09 08:55:48,102,70.87,2.59,102.58,Healthy
2026-04-09 08:56:48,103,68.79,6.0,93.89,Healthy
2026-04-09 08:57:48,103,66.66,4.27,101.14,Healthy
2026-04-09 08:58:48,102,68.81,5.04,94.41,Healthy
2026-04-09 08:59:48,103,71.45,5.25,101.08,Healthy
2026-04-09 09:00:48,102,69.87,4.79,93.19,Healthy
2026-04-09 09:01:48,103,69.31,6.26,90.35,Healthy
2026-04-09 09:02:48,102,68.42,4.96,98.92,Healthy
2026-04-09 09:03:48,103,72.51,6.3,100.45,Healthy
2026-04-09 09:04:48,103,69.13,5.13,103.99,Healthy
2026-04-09 09:05:48,101,70.58,4.22,92.92,Healthy
2026-04-09 09:06:48,103,68.88,4.44,93.11,Healthy
2026-04-09 09:07:48,101,71.15,6.17,100.2,Healthy
2026-04-09 09:08:48,101,67.85,6.5,103.8,Healthy
2026-04-09 09:09:48,101,70.63,4.6,99.22,Healthy
2026-04-09 09:10:48,102,66.88,4.32,93.33,Healthy
2026-04-09 09:11:48,101,70.91,5.93,101.77,Healthy
2026-04-09 09:12:48,101,70.48,8.27,93.05,Healthy
2026-04-09 09:13:48,102,72.29,4.74,107.15,Healthy
2026-04-09 09:14:48,102,70.98,5.56,105.98,Healthy
2026-04-09 09:15:48,101,69.4,5.13,101.94,Healthy
2026-04-09 09:16:48,103,69.41,6.28,98.11,Healthy
2026-04-09 09:17:48,103,71.54,6.47,93.27,Healthy
2026-04-09 09:18:48,101,72.79,5.52,96.63,Healthy
2026-04-09 09:19:48,102,70.88,5.09,100.01,Healthy
2026-04-09 09:20:48,102,71.4,5.43,105.71,Healthy
2026-04-09 09:21:48,101,72.59,4.88,106.35,Healthy
2026-04-09 09:22:48,101,71.19,4.64,102.69,Healthy
2026-04-09 09:23:48,101,73.32,5.08,99.95,Healthy
2026-04-09 09:24:48,101,68.54,4.47,100.04,Healthy
2026-04-09 09:25:48,103,69.1,4.8,99.79,Healthy
2026-04-09 09:26:48,101,69.79,5.08,95.67,Healthy
2026-04-09 09:27:48,103,69.42,3.68,111.57,Healthy
2026-04-09 09:28:48,102,68.27,5.01,98.25,Healthy
2026-04-09 09:29:48,101,69.29,4.99,105.62,Healthy
2026-04-09 09:30:48,103,70.0,5.96,104.76,Healthy
2026-04-09 09:31:48,102,69.75,5.57,100.62,Healthy
2026-04-09 09:32:48,102,69.96,4.84,101.49,Healthy
2026-04-09 09:33:48,101,69.17,6.04,101.38,Healthy
2026-04-09 09:34:48,103,70.32,4.88,98.08,Healthy
2026-04-09 09:35:48,101,72.38,5.35,98.46,Healthy
2026-04-09 09:36:48,103,69.87,3.96,106.03,Healthy
2026-04-09 09:37:48,102,70.48,5.0,103.98,Healthy
2026-04-09 09:38:48,101,72.18,5.04,105.3,Healthy
2026-04-09 09:39:48,102,70.22,4.54,91.58,Healthy
2026-04-09 09:40:48,102,69.65,3.26,95.28,Healthy
2026-04-09 09:41:48,101,68.28,6.66,86.1,Healthy
2026-04-09 09:42:48,101,68.03,5.85,109.08,Healthy
2026-04-09 09:43:48,103,69.98,6.3,102.93,Healthy
2026-04-09 09:44:48,102,69.85,5.57,94.61,Healthy
2026-04-09 09:45:48,102,71.8,4.43,98.33,Healthy
2026-04-09 09:46:48,102,70.29,4.33,102.12,Healthy
2026-04-09 09:47:48,103,69.29,4.65,100.97,Healthy
2026-04-09 09:48:48,101,71.11,3.19,100.79,Healthy
2026-04-09 09:49:48,103,69.5,5.81,94.21,Healthy
2026-04-09 09:50:48,103,71.18,6.79,101.0,Healthy
2026-04-09 09:51:48,102,70.15,4.33,98.51,Healthy
2026-04-09 09:52:48,101,71.42,4.15,91.18,Healthy
2026-04-09 09:53:48,103,71.67,5.79,103.91,Healthy
2026-04-09 09:54:48,102,68.49,2.38,104.07,Healthy
2026-04-09 09:55:48,101,70.46,3.26,104.8,Healthy
2026-04-09 09:56:48,101,66.93,5.8,101.33,Healthy
2026-04-09 09:57:48,103,70.7,4.76,96.44,Healthy
2026-04-09 09:58:48,101,66.04,4.82,102.21,Healthy
2026-04-09 09:59:48,102,67.3,6.09,106.91,Healthy
2026-04-09 10:00:48,101,71.96,6.11,98.0,Healthy
2026-04-09 10:01:48,102,72.64,3.49,98.34,Healthy
2026-04-09 10:02:48,101,68.63,4.94,101.12,Healthy
2026-04-09 10:03:48,102,66.89,5.76,112.15,Healthy
2026-04-09 10:04:48,101,71.61,4.8,99.28,Healthy
2026-04-09 10:05:48,102,67.87,3.9,98.58,Healthy
2026-04-09 10:06:48,102,72.33,5.2,106.28,Healthy
2026-04-09 10:07:48,101,72.77,5.17,97.78,Healthy
2026-04-09 10:08:48,102,72.47,4.3,98.99,Healthy
2026-04-09 10:09:48,102,66.12,5.17,102.09,Healthy
2026-04-09 10:10:48,101,68.02,5.35,106.48,Healthy
2026-04-09 10:11:48,102,68.4,5.29,96.61,Healthy
2026-04-09 10:12:48,101,68.18,5.07,106.96,Healthy
2026-04-09 10:13:48,102,67.16,5.68,100.53,Healthy
2026-04-09 10:14:48,102,71.35,3.99,95.62,Healthy
2026-04-09 10:15:48,103,70.1,5.73,100.63,Healthy
2026-04-09 10:16:48,101,78.34,4.73,104.34,Healthy
2026-04-09 10:17:48,101,71.43,5.96,101.7,Healthy
2026-04-09 10:18:48,102,69.14,5.38,97.15,Healthy
2026-04-09 10:19:48,101,73.46,5.77,93.56,Healthy
2026-04-09 10:20:48,101,70.47,4.04,100.93,Healthy
2026-04-09 10:21:48,103,69.67,5.38,102.69,Healthy
2026-04-09 10:22:48,101,70.34,6.03,104.81,Healthy
2026-04-09 10:23:48,101,68.95,4.58,105.32,Healthy
2026-04-09 10:24:48,101,70.6,6.32,98.89,Healthy
2026-04-09 10:25:48,101,72.18,5.98,99.89,Healthy
2026-04-09 10:26:48,101,66.27,4.02,101.06,Healthy
2026-04-09 10:27:48,102,72.28,3.61,100.99,Healthy
2026-04-09 10:28:48,102,68.19,6.3,98.58,Healthy
2026-04-09 10:29:48,101,67.86,3.84,99.34,Healthy
2026-04-09 10:30:48,103,73.94,6.77,95.24,Healthy
2026-04-09 10:31:48,101,67.16,5.2,98.89,Healthy
2026-04-09 10:32:48,101,69.6,3.99,105.37,Healthy
2026-04-09 10:33:48,102,72.81,4.68,102.79,Healthy
2026-04-09 10:34:48,103,70.48,4.58,96.61,Healthy
2026-04-09 10:35:48,103,69.32,4.8,96.58,Healthy
2026-04-09 10:36:48,103,71.57,4.42,93.84,Healthy
2026-04-09 10:37:48,101,69.55,3.66,103.07,Healthy
2026-04-09 10:38:48,101,70.1,3.28,93.13,Healthy
2026-04-09 10:39:48,101,69.7,2.22,95.92,Healthy
2026-04-09 10:40:48,103,70.6,5.41,100.15,Healthy
2026-04-09 10:41:48,102,70.24,4.97,98.38,Healthy
2026-04-09 10:42:48,103,75.52,4.43,104.26,Healthy
2026-04-09 10:43:48,103,71.55,4.35,93.46,Healthy
2026-04-09 10:44:48,102,67.5,4.89,95.58,Healthy
2026-04-09 10:45:48,103,68.23,2.79,92.32,Healthy
2026-04-09 10:46:48,103,65.26,4.56,95.88,Healthy
2026-04-09 10:47:48,102,70.33,6.1,104.82,Healthy
2026-04-09 10:48:48,103,68.77,3.57,102.35,Healthy
2026-04-09 10:49:48,102,70.07,3.98,102.25,Healthy
2026-04-09 10:50:48,102,70.66,4.85,98.62,Healthy
2026-04-09 10:51:48,102,69.7,2.24,107.05,Healthy
2026-04-09 10:52:48,101,69.42,5.16,96.61,Healthy
2026-04-09 10:53:48,101,69.03,4.42,102.63,Healthy
2026-04-09 10:54:48,102,71.52,5.51,104.89,Healthy
2026-04-09 10:55:48,101,70.75,7.95,107.7,Healthy
2026-04-09 10:56:48,101,68.59,7.34,97.95,Healthy
2026-04-09 10:57:48,101,96.36,15.54,94.95,Warning
2026-04-09 10:58:48,101,69.19,5.57,97.6,Healthy
2026-04-09 10:59:48,101,66.03,6.57,102.56,Healthy
2026-04-09 11:00:48,102,71.96,5.3,105.33,Healthy
2026-04-09 11:01:48,101,69.75,2.05,97.82,Healthy
2026-04-09 11:02:48,102,70.19,6.72,99.85,Healthy
2026-04-09 11:03:48,101,67.75,6.99,100.37,Healthy
2026-04-09 11:04:48,102,69.19,4.37,101.88,Healthy
2026-04-09 11:05:48,102,73.28,3.97,101.42,Healthy
2026-04-09 11:06:48,103,68.38,4.51,99.26,Healthy
2026-04-09 11:07:48,102,69.81,3.59,102.55,Healthy
2026-04-09 11:08:48,103,76.53,4.81,97.83,Healthy
2026-04-09 11:09:48,103,67.86,5.19,91.53,Healthy
2026-04-09 11:10:48,103,68.9,5.84,92.93,Healthy
2026-04-09 11:11:48,102,70.02,4.07,101.31,Healthy
2026-04-09 11:12:48,101,67.25,5.43,107.18,Healthy
2026-04-09 11:13:48,103,66.64,7.04,103.6,Healthy
2026-04-09 11:14:48,101,65.79,5.85,101.26,Healthy
2026-04-09 11:15:48,102,70.14,6.22,100.6,Healthy
2026-04-09 11:16:48,102,70.62,5.26,92.53,Healthy
2026-04-09 11:17:48,101,71.76,6.3,106.06,Healthy
2026-04-09 11:18:48,103,70.11,4.03,98.85,Healthy
2026-04-09 11:19:48,102,70.39,5.51,95.0,Healthy
2026-04-09 11:20:48,103,64.95,5.1,91.73,Healthy
2026-04-09 11:21:48,101,67.24,4.1,97.95,Healthy
2026-04-09 11:22:48,103,71.46,4.05,90.47,Healthy
2026-04-09 11:23:48,103,68.0,4.67,88.74,Healthy
2026-04-09 11:24:48,101,74.1,5.89,97.96,Healthy
2026-04-09 11:25:48,101,71.74,6.48,106.85,Healthy
2026-04-09 11:26:48,101,71.49,3.6,98.99,Healthy
2026-04-09 11:27:48,101,71.17,6.32,101.02,Healthy
2026-04-09 11:28:48,103,69.31,7.63,95.2,Healthy
2026-04-09 11:29:48,103,69.67,4.44,89.33,Healthy
2026-04-09 11:30:48,101,67.74,5.24,105.55,Healthy
2026-04-09 11:31:48,101,68.77,4.51,94.16,Healthy
2026-04-09 11:32:48,102,71.98,5.7,106.06,Healthy
2026-04-09 11:33:48,101,71.15,5.53,100.46,Healthy
2026-04-09 11:34:48,103,71.16,4.93,99.44,Healthy
2026-04-09 11:35:48,103,68.95,4.86,96.27,Healthy
2026-04-09 11:36:48,101,67.95,4.95,98.6,Healthy
2026-04-09 11:37:48,103,67.33,4.02,106.86,Healthy
2026-04-09 11:38:48,101,66.66,5.13,104.92,Healthy
2026-04-09 11:39:48,103,69.1,4.49,97.4,Healthy
2026-04-09 11:40:48,101,72.98,7.45,93.89,Healthy
2026-04-09 11:41:48,103,72.24,4.3,98.63,Healthy
2026-04-09 11:42:48,102,67.54,3.48,97.72,Healthy
2026-04-09 11:43:48,102,69.33,5.34,101.33,Healthy
2026-04-09 11:44:48,102,70.32,5.79,107.03,Healthy
2026-04-09 11:45:48,101,68.89,3.86,99.89,Healthy
2026-04-09 11:46:48,103,70.55,4.09,97.91,Healthy
2026-04-09 11:47:48,103,67.69,5.06,97.23,Healthy
2026-04-09 11:48:48,101,70.81,4.01,100.36,Healthy
2026-04-09 11:49:48,102,65.71,4.65,106.61,Healthy
2026-04-09 11:50:48,102,70.14,5.3,95.76,Healthy
2026-04-09 11:51:48,101,71.36,3.39,98.02,Healthy
2026-04-09 11:52:48,102,70.39,5.09,100.95,Healthy
2026-04-09 11:53:48,102,70.69,5.95,101.36,Healthy
2026-04-09 11:54:48,101,71.1,5.71,108.32,Healthy
2026-04-09 11:55:48,103,66.86,3.06,95.59,Healthy
2026-04-09 11:56:48,102,71.56,6.78,98.14,Healthy
2026-04-09 11:57:48,102,69.24,3.13,97.66,Healthy
2026-04-09 11:58:48,101,71.1,4.1,102.06,Healthy
2026-04-09 11:59:48,101,69.76,4.06,112.56,Healthy
2026-04-09 12:00:48,101,72.19,6.99,100.12,Healthy
2026-04-09 12:01:48,103,67.65,6.0,103.18,Healthy
2026-04-09 12:02:48,101,71.89,4.09,113.12,Healthy
2026-04-09 12:03:48,102,70.9,5.17,100.64,Healthy
2026-04-09 12:04:48,103,70.42,4.38,98.75,Healthy
2026-04-09 12:05:48,101,69.95,4.9,98.71,Healthy
2026-04-09 12:06:48,103,68.92,5.88,110.52,Healthy
2026-04-09 12:07:48,101,70.2,3.97,98.09,Healthy
2026-04-09 12:08:48,101,69.9,5.53,87.79,Healthy
2026-04-09 12:09:48,101,71.92,2.77,106.04,Healthy
2026-04-09 12:10:48,101,69.37,5.38,93.3,Healthy
2026-04-09 12:11:48,101,70.25,3.35,95.13,Healthy
2026-04-09 12:12:48,103,73.22,3.04,100.16,Healthy
2026-04-09 12:13:48,101,68.85,4.36,97.36,Healthy
2026-04-09 12:14:48,103,70.93,2.34,99.32,Healthy
2026-04-09 12:15:48,102,71.08,4.63,95.59,Healthy
2026-04-09 12:16:48,103,70.73,6.02,97.37,Healthy
2026-04-09 12:17:48,102,73.03,6.65,102.59,Healthy
2026-04-09 12:18:48,102,67.56,6.62,103.14,Healthy
2026-04-09 12:19:48,102,73.31,6.14,108.13,Healthy
2026-04-09 12:20:48,103,71.09,5.13,111.31,Healthy
2026-04-09 12:21:48,101,68.62,5.39,103.99,Healthy
2026-04-09 12:22:48,101,71.04,4.44,98.33,Healthy
2026-04-09 12:23:48,101,70.04,5.94,100.85,Healthy
2026-04-09 12:24:48,102,69.94,4.71,95.6,Healthy
2026-04-09 12:25:48,101,68.61,6.88,102.68,Healthy
2026-04-09 12:26:48,103,70.11,6.36,93.73,Healthy
2026-04-09 12:27:48,102,71.13,4.62,94.99,Healthy
2026-04-09 12:28:48,101,68.58,6.82,106.8,Healthy
2026-04-09 12:29:48,101,68.64,6.03,96.54,Healthy
2026-04-09 12:30:48,103,69.77,4.64,108.94,Healthy
2026-04-09 12:31:48,102,71.52,3.76,100.11,Healthy
2026-04-09 12:32:48,103,71.76,5.3,106.14,Healthy
2026-04-09 12:33:48,102,67.06,3.51,105.9,Healthy
2026-04-09 12:34:48,103,72.07,5.49,106.67,Healthy
2026-04-09 12:35:48,102,70.9,5.07,99.8,Healthy
2026-04-09 12:36:48,102,69.84,8.7,94.32,Healthy
2026-04-09 12:37:48,102,67.91,5.44,67.1,Warning
2026-04-09 12:38:48,102,72.59,5.11,95.89,Healthy
2026-04-09 12:39:48,101,70.27,5.14,98.28,Healthy
2026-04-09 12:40:48,103,72.99,4.5,97.25,Healthy
2026-04-09 12:41:48,102,69.35,6.03,104.17,Healthy
2026-04-09 12:42:48,103,70.86,4.09,104.94,Healthy
2026-04-09 12:43:48,103,69.29,5.63,95.87,Healthy
2026-04-09 12:44:48,102,67.97,5.25,97.56,Healthy
2026-04-09 12:45:48,103,69.0,5.09,100.48,Healthy
2026-04-09 12:46:48,102,69.48,5.4,103.0,Healthy
2026-04-09 12:47:48,102,68.73,4.28,102.01,Healthy
2026-04-09 12:48:48,103,70.48,4.27,97.01,Healthy
2026-04-09 12:49:48,103,69.42,5.0,101.51,Healthy
2026-04-09 12:50:48,101,72.02,5.86,93.64,Healthy
2026-04-09 12:51:48,103,70.1,6.03,98.28,Healthy
2026-04-09 12:52:48,103,69.69,6.1,91.14,Healthy
2026-04-09 12:53:48,102,71.51,4.32,101.83,Healthy
2026-04-09 12:54:48,101,71.26,5.34,91.52,Healthy
2026-04-09 12:55:48,102,70.34,3.95,92.81,Healthy
2026-04-09 12:56:48,103,70.22,4.48,96.66,Healthy
2026-04-09 12:57:48,101,72.19,5.76,93.79,Healthy
2026-04-09 12:58:48,101,70.73,5.37,106.42,Healthy
2026-04-09 12:59:48,102,69.31,4.73,101.81,Healthy
2026-04-09 13:00:48,103,71.63,3.36,102.69,Healthy
2026-04-09 13:01:48,103,72.54,4.8,94.95,Healthy
2026-04-09 13:02:48,102,69.59,6.4,97.86,Healthy
2026-04-09 13:03:48,102,70.65,5.61,100.43,Healthy
2026-04-09 13:04:48,103,71.38,4.09,94.76,Healthy
2026-04-09 13:05:48,103,70.55,5.34,101.82,Healthy
2026-04-09 13:06:48,102,68.87,5.02,96.79,Healthy
2026-04-09 13:07:48,103,67.46,6.61,109.2,Healthy
2026-04-09 13:08:48,102,68.04,6.04,103.44,Healthy
2026-04-09 13:09:48,102,71.12,3.09,98.63,Healthy
2026-04-09 13:10:48,102,69.08,5.26,96.83,Healthy
2026-04-09 13:11:48,102,71.02,4.06,104.62,Healthy
2026-04-09 13:12:48,101,70.94,4.82,91.61,Healthy
2026-04-09 13:13:48,101,72.27,4.63,98.19,Healthy
2026-04-09 13:14:48,102,73.49,3.75,102.21,Healthy
2026-04-09 13:15:48,103,69.62,5.51,106.92,Healthy
2026-04-09 13:16:48,102,69.33,3.57,104.13,Healthy
2026-04-09 13:17:48,103,67.93,4.87,103.29,Healthy
2026-04-09 13:18:48,103,72.45,4.07,95.54,Healthy
2026-04-09 13:19:48,102,68.84,6.65,108.85,Healthy
2026-04-09 13:20:48,102,69.77,5.23,99.36,Healthy
2026-04-09 13:21:48,103,67.88,5.8,95.36,Healthy
2026-04-09 13:22:48,102,68.5,6.87,92.19,Healthy
2026-04-09 13:23:48,101,69.1,4.54,103.77,Healthy
2026-04-09 13:24:48,102,68.39,6.86,104.09,Healthy
2026-04-09 13:25:48,103,72.3,4.95,106.25,Healthy
2026-04-09 13:26:48,103,70.9,5.64,94.4,Healthy
2026-04-09 13:27:48,101,100.34,16.3,100.24,Warning
2026-04-09 13:28:48,101,72.94,6.56,100.05,Healthy
2026-04-09 13:29:48,101,69.46,3.08,95.69,Healthy
2026-04-09 13:30:48,103,71.05,5.19,90.99,Healthy
2026-04-09 13:31:48,103,70.93,6.91,103.0,Healthy
2026-04-09 13:32:48,103,69.64,4.89,102.83,Healthy
2026-04-09 13:33:48,102,70.89,6.39,98.11,Healthy
2026-04-09 13:34:48,101,71.46,3.42,102.14,Healthy
2026-04-09 13:35:48,103,69.74,5.3,103.32,Healthy
2026-04-09 13:36:48,101,73.04,5.84,98.11,Healthy
2026-04-09 13:37:48,101,71.39,4.2,106.82,Healthy
2026-04-09 13:38:48,103,68.65,4.04,101.6,Healthy
2026-04-09 13:39:48,103,68.79,4.08,104.08,Healthy
2026-04-09 13:40:48,102,71.12,5.82,97.62,Healthy
2026-04-09 13:41:48,101,70.7,5.08,101.52,Healthy
2026-04-09 13:42:48,102,71.02,4.48,97.01,Healthy
2026-04-09 13:43:48,101,70.12,5.07,99.0,Healthy
2026-04-09 13:44:48,103,70.32,6.12,101.91,Healthy
2026-04-09 13:45:48,102,68.54,5.06,98.41,Healthy
2026-04-09 13:46:48,102,71.4,4.83,101.99,Healthy
2026-04-09 13:47:48,103,71.03,4.76,97.69,Healthy
2026-04-09 13:48:48,101,68.89,5.56,97.34,Healthy
2026-04-09 13:49:48,102,69.76,2.93,98.15,Healthy
2026-04-09 13:50:48,101,70.14,4.06,98.16,Healthy
2026-04-09 13:51:48,101,70.75,1.75,96.34,Healthy
2026-04-09 13:52:48,103,67.5,3.21,108.44,Healthy
2026-04-09 13:53:48,103,74.67,4.5,93.76,Healthy
2026-04-09 13:54:48,102,68.38,5.23,100.16,Healthy
2026-04-09 13:55:48,103,70.23,5.22,93.57,Healthy
2026-04-09 13:56:48,102,69.17,6.25,102.39,Healthy
2026-04-09 13:57:48,102,71.65,4.18,100.22,Healthy
2026-04-09 13:58:48,103,71.5,4.44,101.56,Healthy
2026-04-09 13:59:48,101,72.51,6.1,101.7,Healthy
2026-04-09 14:00:48,102,69.76,5.79,96.35,Healthy
2026-04-09 14:01:48,102,73.98,4.21,111.66,Healthy
2026-04-09 14:02:48,103,68.9,5.13,104.34,Healthy
2026-04-09 14:03:48,102,71.52,4.34,95.89,Healthy
2026-04-09 14:04:48,101,70.57,6.59,92.64,Healthy
2026-04-09 14:05:48,103,70.03,5.95,98.77,Healthy
2026-04-09 14:06:48,101,69.51,4.13,90.46,Healthy
2026-04-09 14:07:48,102,71.85,3.43,99.46,Healthy
2026-04-09 14:08:48,102,70.37,5.71,100.29,Healthy
2026-04-09 14:09:48,101,69.47,3.58,105.41,Healthy
2026-04-09 14:10:48,101,66.15,4.43,101.81,Healthy
2026-04-09 14:11:48,102,74.0,6.1,105.41,Healthy
2026-04-09 14:12:48,102,70.44,5.7,97.47,Healthy
2026-04-09 14:13:48,103,74.54,5.08,99.84,Healthy
2026-04-09 14:14:48,102,67.22,6.45,94.98,Healthy
2026-04-09 14:15:48,102,71.4,3.51,96.18,Healthy
2026-04-09 14:16:48,101,68.74,5.49,97.39,Healthy
2026-04-09 14:17:48,103,70.39,4.44,99.96,Healthy
2026-04-09 14:18:48,102,73.32,5.25,100.29,Healthy
2026-04-09 14:19:48,103,68.07,6.4,106.92,Healthy
2026-04-09 14:20:48,101,67.34,5.25,100.89,Healthy
2026-04-09 14:21:48,101,70.62,6.13,109.33,Healthy
2026-04-09 14:22:48,103,70.66,7.71,98.19,Healthy
2026-04-09 14:23:48,101,69.19,5.14,103.77,Healthy
2026-04-09 14:24:48,103,72.15,4.87,98.69,Healthy
2026-04-09 14:25:48,103,71.74,6.09,96.37,Healthy
2026-04-09 14:26:48,102,70.56,3.41,99.36,Healthy
2026-04-09 14:27:48,101,69.53,4.38,98.56,Healthy
2026-04-09 14:28:48,101,71.16,6.08,104.26,Healthy
2026-04-09 14:29:48,101,68.71,3.55,103.77,Healthy
2026-04-09 14:30:48,101,70.1,5.18,100.24,Healthy
2026-04-09 14:31:48,101,73.82,6.6,97.22,Healthy
2026-04-09 14:32:48,102,69.26,6.4,103.01,Healthy
2026-04-09 14:33:48,103,68.63,4.09,92.16,Healthy
2026-04-09 14:34:48,103,67.42,4.59,98.79,Healthy
2026-04-09 14:35:48,101,69.04,5.27,101.44,Healthy
2026-04-09 14:36:48,102,70.06,4.89,101.67,Healthy
2026-04-09 14:37:48,103,71.34,3.67,101.38,Healthy
2026-04-09 14:38:48,101,73.19,4.85,104.88,Healthy
2026-04-09 14:39:48,101,70.99,4.03,99.21,Healthy
2026-04-09 14:40:48,101,68.42,6.28,104.93,Healthy
2026-04-09 14:41:48,101,72.31,5.05,100.08,Healthy
2026-04-09 14:42:48,103,71.32,5.22,100.23,Healthy
2026-04-09 14:43:48,103,69.75,4.74,92.29,Healthy
2026-04-09 14:44:48,102,70.76,4.88,100.35,Healthy
2026-04-09 14:45:48,103,71.15,2.79,103.5,Healthy
2026-04-09 14:46:48,101,74.15,3.45,95.51,Healthy
2026-04-09 14:47:48,102,68.5,6.42,93.38,Healthy
2026-04-09 14:48:48,103,70.21,5.92,99.88,Healthy
2026-04-09 14:49:48,103,70.14,4.99,98.03,Healthy
2026-04-09 14:50:48,103,68.94,4.73,99.85,Healthy
2026-04-09 14:51:48,103,69.52,4.8,95.97,Healthy
2026-04-09 14:52:48,103,70.06,5.26,97.04,Healthy
2026-04-09 14:53:48,103,66.92,5.66,100.22,Healthy
2026-04-09 14:54:48,102,71.43,5.18,104.08,Healthy
2026-04-09 14:55:48,102,71.79,6.18,100.81,Healthy
2026-04-09 14:56:48,103,76.33,4.35,103.43,Healthy
2026-04-09 14:57:48,102,70.33,5.85,97.92,Healthy
2026-04-09 14:58:48,103,67.02,4.95,90.11,Healthy
2026-04-09 14:59:48,102,71.42,3.26,101.75,Healthy
2026-04-09 15:00:48,103,69.77,5.96,98.52,Healthy
2026-04-09 15:01:48,102,68.09,5.12,103.64,Healthy
2026-04-09 15:02:48,102,66.25,3.71,97.35,Healthy
2026-04-09 15:03:48,101,69.91,4.11,109.84,Healthy
2026-04-09 15:04:48,102,66.88,4.91,104.17,Healthy
2026-04-09 15:05:48,103,70.5,6.63,110.38,Healthy
2026-04-09 15:06:48,103,66.67,6.62,97.91,Healthy
2026-04-09 15:07:48,102,72.21,6.22,97.83,Healthy
2026-04-09 15:08:48,101,71.28,6.67,104.01,Healthy
2026-04-09 15:09:48,103,67.38,3.96,105.64,Healthy
2026-04-09 15:10:48,103,69.38,4.29,95.93,Healthy
2026-04-09 15:11:48,102,68.45,5.87,101.38,Healthy
2026-04-09 15:12:48,102,71.16,5.71,94.27,Healthy
2026-04-09 15:13:48,101,68.59,3.65,99.63,Healthy
2026-04-09 15:14:48,102,69.18,5.81,108.21,Healthy
2026-04-09 15:15:48,101,70.07,3.76,105.67,Healthy
2026-04-09 15:16:48,102,70.51,4.36,100.8,Healthy
2026-04-09 15:17:48,103,70.6,4.9,105.86,Healthy
2026-04-09 15:18:48,103,70.98,5.07,101.19,Healthy
2026-04-09 15:19:48,101,64.87,5.16,102.38,Healthy
2026-04-09 15:20:48,102,70.68,4.48,98.73,Healthy
2026-04-09 15:21:48,103,72.15,4.09,94.15,Healthy
2026-04-09 15:22:48,101,69.66,4.95,96.33,Healthy
2026-04-09 15:23:48,103,67.5,5.03,98.89,Healthy
2026-04-09 15:24:48,103,71.52,5.98,97.9,Healthy
2026-04-09 15:25:48,103,71.96,3.97,99.95,Healthy
2026-04-09 15:26:48,102,72.0,4.56,89.39,Healthy
2026-04-09 15:27:48,101,72.93,3.7,98.56,Healthy
2026-04-09 15:28:48,103,73.73,4.67,105.37,Healthy
2026-04-09 15:29:48,103,71.21,5.41,99.92,Healthy
2026-04-09 15:30:48,101,70.23,4.71,95.3,Healthy
2026-04-09 15:31:48,103,68.6,6.63,93.66,Healthy
2026-04-09 15:32:48,101,71.63,4.43,104.09,Healthy
2026-04-09 15:33:48,102,70.11,5.25,100.86,Healthy
2026-04-09 15:34:48,103,69.81,4.7,94.63,Healthy
2026-04-09 15:35:48,101,69.85,4.54,102.1,Healthy
2026-04-09 15:36:48,101,70.02,6.44,92.95,Healthy
2026-04-09 15:37:48,103,68.5,6.9,109.22,Healthy
2026-04-09 15:38:48,103,73.37,5.5,97.5,Healthy
2026-04-09 15:39:48,103,70.04,3.5,98.47,Healthy
2026-04-09 15:40:48,102,74.02,3.85,100.57,Healthy
2026-04-09 15:41:48,102,67.6,3.08,101.33,Healthy
2026-04-09 15:42:48,103,71.96,4.25,102.71,Healthy
2026-04-09 15:43:48,103,74.23,3.58,97.7,Healthy
2026-04-09 15:44:48,101,70.25,4.25,113.45,Healthy
2026-04-09 15:45:48,103,66.73,5.92,88.85,Healthy
2026-04-09 15:46:48,101,69.47,3.35,102.22,Healthy
2026-04-09 15:47:48,101,70.28,4.55,96.82,Healthy
2026-04-09 15:48:48,102,70.36,4.49,109.43,Healthy
2026-04-09 15:49:48,102,70.94,5.62,95.5,Healthy
2026-04-09 15:50:48,102,67.71,5.99,95.8,Healthy
2026-04-09 15:51:48,102,70.38,4.57,99.92,Healthy
2026-04-09 15:52:48,101,71.63,5.5,91.4,Healthy
2026-04-09 15:53:48,101,68.69,6.62,100.73,Healthy
2026-04-09 15:54:48,101,68.57,2.55,108.03,Healthy
2026-04-09 15:55:48,103,69.9,5.02,107.15,Healthy
2026-04-09 15:56:48,101,69.9,4.2,103.96,Healthy
2026-04-09 15:57:48,102,69.5,5.53,78.32,Warning
2026-04-09 15:58:48,102,72.62,7.55,81.24,Healthy
2026-04-09 15:59:48,101,68.03,6.19,104.71,Healthy
2026-04-09 16:00:48,103,69.33,2.89,98.01,Healthy
2026-04-09 16:01:48,101,72.23,4.41,99.64,Healthy
2026-04-09 16:02:48,103,70.74,5.11,99.02,Healthy
2026-04-09 16:03:48,101,69.7,5.86,100.26,Healthy
2026-04-09 16:04:48,102,70.64,5.03,97.9,Healthy
2026-04-09 16:05:48,103,71.95,3.46,94.46,Healthy
2026-04-09 16:06:48,101,70.61,4.25,100.74,Healthy
2026-04-09 16:07:48,102,71.41,3.89,96.9,Healthy
2026-04-09 16:08:48,103,69.35,5.47,103.59,Healthy
2026-04-09 16:09:48,103,70.98,4.56,94.07,Healthy
2026-04-09 16:10:48,103,69.61,3.5,88.52,Healthy
2026-04-09 16:11:48,103,70.54,4.86,92.33,Healthy
2026-04-09 16:12:48,102,70.75,5.27,96.18,Healthy
2026-04-09 16:13:48,103,68.61,5.21,102.16,Healthy
2026-04-09 16:14:48,103,67.25,3.39,102.15,Healthy
2026-04-09 16:15:48,103,68.5,5.46,102.22,Healthy
2026-04-09 16:16:48,101,68.55,4.8,107.68,Healthy
2026-04-09 16:17:48,103,67.89,6.05,96.49,Healthy
2026-04-09 16:18:48,103,72.44,5.08,101.99,Healthy
2026-04-09 16:19:48,101,71.99,5.56,97.37,Healthy
2026-04-09 16:20:48,103,66.95,3.49,105.45,Healthy
2026-04-09 16:21:48,101,71.07,5.75,90.43,Healthy
2026-04-09 16:22:48,101,70.59,4.21,102.88,Healthy
2026-04-09 16:23:48,102,70.36,5.29,106.32,Healthy
2026-04-09 16:24:48,101,69.39,2.81,100.15,Healthy
2026-04-09 16:25:48,103,68.81,4.9,93.17,Healthy
2026-04-09 16:26:48,103,70.57,5.84,107.26,Healthy
2026-04-09 16:27:48,103,71.53,6.5,101.3,Healthy
2026-04-09 16:28:48,103,68.54,5.13,101.35,Healthy
2026-04-09 16:29:48,103,69.67,6.13,105.72,Healthy
2026-04-09 16:30:48,102,69.24,4.88,85.39,Healthy
2026-04-09 16:31:48,103,70.67,5.74,97.62,Healthy
2026-04-09 16:32:48,102,70.04,6.15,91.75,Healthy
2026-04-09 16:33:48,102,71.59,5.57,100.45,Healthy
2026-04-09 16:34:48,103,72.91,4.25,92.74,Healthy
2026-04-09 16:35:48,101,72.72,4.69,99.7,Healthy
2026-04-09 16:36:48,101,71.55,7.03,101.17,Healthy
2026-04-09 16:37:48,103,69.88,5.92,100.58,Healthy
2026-04-09 16:38:48,103,70.12,5.37,94.18,Healthy
2026-04-09 16:39:48,103,68.34,4.75,98.88,Healthy
2026-04-09 16:40:48,103,75.99,4.69,109.2,Healthy
2026-04-09 16:41:48,102,72.2,4.34,103.47,Healthy
2026-04-09 16:42:48,101,67.03,4.06,107.22,Healthy
2026-04-09 16:43:48,103,67.52,5.63,107.99,Healthy
2026-04-09 16:44:48,101,70.69,4.38,95.65,Healthy
2026-04-09 16:45:48,101,68.86,5.9,106.37,Healthy
2026-04-09 16:46:48,103,69.37,4.62,98.09,Healthy
2026-04-09 16:47:48,103,72.52,5.52,100.95,Healthy
2026-04-09 16:48:48,101,71.84,4.02,101.73,Healthy
2026-04-09 16:49:48,103,69.85,4.69,106.1,Healthy
2026-04-09 16:50:48,103,72.08,6.4,100.31,Healthy
2026-04-09 16:51:48,102,69.09,7.06,104.83,Healthy
2026-04-09 16:52:48,103,71.8,4.32,96.18,Healthy
2026-04-09 16:53:48,102,72.26,5.86,97.99,Healthy
2026-04-09 16:54:48,102,71.89,6.79,105.38,Healthy
2026-04-09 16:55:48,101,71.02,5.51,96.64,Healthy
2026-04-09 16:56:48,102,68.42,5.37,97.15,Healthy
2026-04-09 16:57:48,103,73.3,4.74,102.49,Healthy
2026-04-09 16:58:48,102,70.53,4.74,104.04,Healthy
2026-04-09 16:59:48,102,65.86,4.56,103.44,Healthy
2026-04-09 17:00:48,103,72.11,5.61,99.93,Healthy
2026-04-09 17:01:48,102,68.2,3.43,95.87,Healthy
2026-04-09 17:02:48,102,71.5,3.91,101.52,Healthy
2026-04-09 17:03:48,101,67.31,3.41,97.33,Healthy
2026-04-09 17:04:48,101,70.04,4.81,96.09,Healthy
2026-04-09 17:05:48,101,71.13,6.38,96.54,Healthy
2026-04-09 17:06:48,103,70.04,7.16,104.8,Healthy
2026-04-09 17:07:48,102,70.48,6.9,90.95,Healthy
2026-04-09 17:08:48,103,69.15,4.48,93.58,Healthy
2026-04-09 17:09:48,102,69.91,5.37,97.45,Healthy
2026-04-09 17:10:48,102,65.55,5.69,101.79,Healthy
2026-04-09 17:11:48,103,75.99,4.84,90.43,Healthy
2026-04-09 17:12:48,102,72.7,4.96,100.13,Healthy
2026-04-09 17:13:48,103,70.59,5.56,98.25,Healthy
2026-04-09 17:14:48,103,69.77,6.09,102.95,Healthy
2026-04-09 17:15:48,102,69.76,5.24,110.72,Healthy
2026-04-09 17:16:48,102,67.12,4.84,101.84,Healthy
2026-04-09 17:17:48,103,70.85,4.82,105.61,Healthy
2026-04-09 17:18:48,101,72.7,5.32,96.3,Healthy
2026-04-09 17:19:48,102,67.74,4.09,108.19,Healthy
2026-04-09 17:20:48,103,69.69,5.89,97.28,Healthy
2026-04-09 17:21:48,102,69.04,5.62,100.66,Healthy
2026-04-09 17:22:48,101,69.2,5.59,102.74,Healthy
2026-04-09 17:23:48,101,70.83,4.86,91.9,Healthy
2026-04-09 17:24:48,101,68.3,5.9,100.84,Healthy
2026-04-09 17:25:48,102,68.31,6.75,101.6,Healthy
2026-04-09 17:26:48,103,68.44,4.79,97.67,Healthy
2026-04-09 17:27:48,101,73.42,5.11,96.62,Healthy
2026-04-09 17:28:48,101,70.99,3.24,94.73,Healthy
2026-04-09 17:29:48,102,65.7,6.01,100.84,Healthy
2026-04-09 17:30:48,101,70.14,5.4,110.22,Healthy
2026-04-09 17:31:48,103,69.66,3.36,108.58,Healthy
2026-04-09 17:32:48,101,69.68,3.92,102.36,Healthy
2026-04-09 17:33:48,103,73.26,4.61,102.18,Healthy
2026-04-09 17:34:48,101,68.58,5.94,104.03,Healthy
2026-04-09 17:35:48,102,70.28,4.08,108.45,Healthy
2026-04-09 17:36:48,101,68.03,4.56,98.03,Healthy
2026-04-09 17:37:48,103,72.78,3.68,101.43,Healthy
2026-04-09 17:38:48,103,65.75,3.33,103.84,Healthy
2026-04-09 17:39:48,103,67.59,5.0,100.95,Healthy
2026-04-09 17:40:48,102,70.58,3.98,96.47,Healthy
2026-04-09 17:41:48,103,70.61,5.45,99.78,Healthy
2026-04-09 17:42:48,103,69.59,3.32,105.07,Healthy
2026-04-09 17:43:48,101,68.11,6.0,97.11,Healthy
2026-04-09 17:44:48,102,71.54,5.47,104.23,Healthy
2026-04-09 17:45:48,103,71.15,3.95,100.72,Healthy
2026-04-09 17:46:48,103,71.49,4.92,95.03,Healthy
2026-04-09 17:47:48,101,71.01,5.28,102.31,Healthy
2026-04-09 17:48:48,102,73.8,6.06,109.71,Healthy
2026-04-09 17:49:48,101,71.12,5.81,98.41,Healthy
2026-04-09 17:50:48,102,71.34,4.89,89.89,Healthy
2026-04-09 17:51:48,103,73.76,4.77,98.27,Healthy
2026-04-09 17:52:48,102,70.88,5.87,106.06,Healthy
2026-04-09 17:53:48,101,70.23,4.19,94.3,Healthy
2026-04-09 17:54:48,101,74.07,5.35,101.05,Healthy
2026-04-09 17:55:48,103,70.73,4.29,108.45,Healthy
2026-04-09 17:56:48,101,64.67,6.6,96.57,Healthy
2026-04-09 17:57:48,101,69.09,5.61,94.38,Healthy
2026-04-09 17:58:48,102,69.43,4.97,99.58,Healthy
2026-04-09 17:59:48,102,69.69,3.32,99.32,Healthy
2026-04-09 18:00:48,101,69.73,5.88,99.04,Healthy
2026-04-09 18:01:48,103,69.73,5.28,98.87,Healthy
2026-04-09 18:02:48,102,68.59,2.96,102.55,Healthy
2026-04-09 18:03:48,103,66.83,3.27,99.98,Healthy
2026-04-09 18:04:48,102,69.74,2.95,98.81,Healthy
2026-04-09 18:05:48,101,68.47,3.59,96.95,Healthy
2026-04-09 18:06:48,102,71.4,4.08,103.37,Healthy
2026-04-09 18:07:48,101,70.12,6.58,103.48,Healthy
2026-04-09 18:08:48,103,71.4,4.09,99.42,Healthy
2026-04-09 18:09:48,102,74.65,6.39,110.76,Healthy
2026-04-09 18:10:48,102,69.29,4.91,105.23,Healthy
2026-04-09 18:11:48,101,73.21,4.44,97.83,Healthy
2026-04-09 18:12:48,101,70.83,4.31,105.62,Healthy
2026-04-09 18:13:48,103,71.78,3.84,99.75,Healthy
2026-04-09 18:14:48,101,72.29,5.7,95.42,Healthy
2026-04-09 18:15:48,103,70.7,4.39,108.15,Healthy
2026-04-09 18:16:48,101,72.7,5.71,100.86,Healthy
2026-04-09 18:17:48,102,68.98,3.74,105.09,Healthy
2026-04-09 18:18:48,102,70.07,5.47,108.39,Healthy
2026-04-09 18:19:48,101,70.63,4.41,95.19,Healthy
2026-04-09 18:20:48,103,69.58,6.75,100.14,Healthy
2026-04-09 18:21:48,101,72.3,4.29,91.96,Healthy
2026-04-09 18:22:48,101,70.08,4.27,93.03,Healthy
2026-04-09 18:23:48,103,74.32,6.54,101.0,Healthy
2026-04-09 18:24:48,102,70.36,4.42,106.79,Healthy
2026-04-09 18:25:48,102,72.59,6.85,95.09,Healthy
2026-04-09 18:26:48,102,66.92,4.77,98.46,Healthy
2026-04-09 18:27:48,102,68.76,4.75,90.3,Healthy
2026-04-09 18:28:48,101,74.03,4.42,102.73,Healthy
2026-04-09 18:29:48,102,70.66,5.9,104.64,Healthy
2026-04-09 18:30:48,102,67.53,3.31,95.97,Healthy
2026-04-09 18:31:48,102,70.91,2.9,101.06,Healthy
2026-04-09 18:32:48,101,69.8,5.84,88.82,Healthy
2026-04-09 18:33:48,101,70.64,5.03,108.05,Healthy
2026-04-09 18:34:48,102,65.95,5.22,93.03,Healthy
2026-04-09 18:35:48,101,69.6,3.32,104.52,Healthy
2026-04-09 18:36:48,103,72.24,4.03,98.75,Healthy
2026-04-09 18:37:48,103,71.55,5.86,95.78,Healthy
2026-04-09 18:38:48,103,69.38,5.0,94.38,Healthy
2026-04-09 18:39:48,103,69.26,4.62,90.31,Healthy
2026-04-09 18:40:48,103,70.89,4.08,100.08,Healthy
2026-04-09 18:41:48,103,72.87,4.97,101.93,Healthy
2026-04-09 18:42:48,103,63.75,4.51,101.26,Healthy
2026-04-09 18:43:48,103,70.08,4.15,102.24,Healthy
2026-04-09 18:44:48,101,71.1,3.45,106.28,Healthy
2026-04-09 18:45:48,103,72.56,5.16,97.99,Healthy
2026-04-09 18:46:48,101,69.71,5.35,112.21,Healthy
2026-04-09 18:47:48,103,67.69,5.92,94.74,Healthy
2026-04-09 18:48:48,103,72.46,4.86,100.08,Healthy
2026-04-09 18:49:48,103,72.92,6.7,100.09,Healthy
2026-04-09 18:50:48,102,71.34,4.31,96.74,Healthy
2026-04-09 18:51:48,103,67.28,5.58,100.53,Healthy
2026-04-09 18:52:48,102,68.49,5.73,104.24,Healthy
2026-04-09 18:53:48,103,73.92,3.95,95.31,Healthy
2026-04-09 18:54:48,102,68.19,5.5,97.37,Healthy
2026-04-09 18:55:48,103,69.55,7.07,94.55,Healthy
2026-04-09 18:56:48,103,70.24,6.68,101.58,Healthy
2026-04-09 18:57:48,102,70.75,5.37,96.69,Healthy
2026-04-09 18:58:48,103,67.65,5.99,95.76,Healthy
2026-04-09 18:59:48,102,71.81,4.34,96.53,Healthy
2026-04-09 19:00:48,103,72.06,5.22,100.94,Healthy
2026-04-09 19:01:48,101,71.22,3.51,97.07,Healthy
2026-04-09 19:02:48,101,71.94,5.39,106.27,Healthy
2026-04-09 19:03:48,102,67.73,5.37,89.72,Healthy
2026-04-09 19:04:48,101,71.5,4.31,95.79,Healthy
2026-04-09 19:05:48,103,67.79,5.96,102.65,Healthy
2026-04-09 19:06:48,101,71.66,4.82,97.13,Healthy
2026-04-09 19:07:48,101,70.72,4.65,96.75,Healthy
2026-04-09 19:08:48,103,71.23,6.36,100.38,Healthy
2026-04-09 19:09:48,102,71.18,3.31,98.22,Healthy
2026-04-09 19:10:48,101,68.16,5.22,99.01,Healthy
2026-04-09 19:11:48,102,73.5,4.77,96.56,Healthy
2026-04-09 19:12:48,101,71.79,5.0,97.44,Healthy
2026-04-09 19:13:48,103,70.11,4.14,95.88,Healthy
2026-04-09 19:14:48,102,67.83,4.79,103.22,Healthy
2026-04-09 19:15:48,101,70.36,5.03,95.93,Healthy
2026-04-09 19:16:48,102,68.8,4.66,102.77,Healthy
2026-04-09 19:17:48,103,71.62,4.04,105.95,Healthy
2026-04-09 19:18:48,101,71.01,5.37,99.57,Healthy
2026-04-09 19:19:48,101,71.46,6.37,99.41,Healthy
2026-04-09 19:20:48,103,74.08,4.41,100.53,Healthy
2026-04-09 19:21:48,103,72.82,5.51,99.55,Healthy
2026-04-09 19:22:48,101,68.76,5.31,93.32,Healthy
2026-04-09 19:23:48,103,68.48,5.81,87.45,Healthy
2026-04-09 19:24:48,102,68.82,6.68,95.57,Healthy
2026-04-09 19:25:48,103,66.52,4.98,107.58,Healthy
2026-04-09 19:26:48,101,70.05,5.93,103.11,Healthy
2026-04-09 19:27:48,101,68.64,4.52,89.68,Healthy
2026-04-09 19:28:48,103,67.72,6.78,98.67,Healthy
2026-04-09 19:29:48,101,69.27,4.65,108.99,Healthy
2026-04-09 19:30:48,103,67.06,4.96,102.09,Healthy
2026-04-09 19:31:48,101,67.49,5.3,97.67,Healthy
2026-04-09 19:32:48,101,73.04,4.81,100.12,Healthy
2026-04-09 19:33:48,102,71.59,5.81,102.11,Healthy
2026-04-09 19:34:48,101,67.11,4.76,100.71,Healthy
2026-04-09 19:35:48,102,68.85,4.36,95.34,Healthy
2026-04-09 19:36:48,101,68.94,4.37,88.17,Healthy
2026-04-09 19:37:48,102,72.91,4.99,101.11,Healthy
2026-04-09 19:38:48,101,68.84,6.81,97.92,Healthy
2026-04-09 19:39:48,102,68.95,4.36,104.23,Healthy
2026-04-09 19:40:48,102,71.02,5.93,105.16,Healthy
2026-04-09 19:41:48,103,66.47,4.94,101.35,Healthy
2026-04-09 19:42:48,103,69.97,3.66,99.16,Healthy
2026-04-09 19:43:48,102,73.59,5.46,100.33,Healthy
2026-04-09 19:44:48,103,70.59,4.76,102.11,Healthy
2026-04-09 19:45:48,103,73.47,3.31,91.6,Healthy
2026-04-09 19:46:48,103,73.24,4.76,96.98,Healthy
2026-04-09 19:47:48,102,67.03,5.23,98.63,Healthy
2026-04-09 19:48:48,101,65.05,4.3,99.34,Healthy
2026-04-09 19:49:48,101,68.98,5.13,101.94,Healthy
2026-04-09 19:50:48,103,71.62,4.35,105.48,Healthy
2026-04-09 19:51:48,101,69.2,3.91,102.96,Healthy
2026-04-09 19:52:48,101,67.25,5.15,96.23,Healthy
2026-04-09 19:53:48,101,71.56,3.32,96.01,Healthy
2026-04-09 19:54:48,102,70.6,5.18,99.8,Healthy
2026-04-09 19:55:48,103,71.51,3.13,100.75,Healthy
2026-04-09 19:56:48,102,69.97,4.37,93.84,Healthy
2026-04-09 19:57:48,102,70.87,4.24,99.03,Healthy
2026-04-09 19:58:48,102,70.8,5.91,103.08,Healthy
2026-04-09 19:59:48,102,68.23,5.37,107.89,Healthy
2026-04-09 20:00:48,101,70.18,3.71,100.49,Healthy
2026-04-09 20:01:48,103,66.47,5.85,100.13,Healthy
2026-04-09 20:02:48,101,71.64,6.34,97.94,Healthy
2026-04-09 20:03:48,102,71.05,5.52,94.49,Healthy
2026-04-09 20:04:48,101,67.36,5.38,91.33,Healthy
2026-04-09 20:05:48,103,70.56,4.81,97.54,Healthy
2026-04-09 20:06:48,101,69.5,5.59,106.06,Healthy
2026-04-09 20:07:48,102,71.37,4.85,101.73,Healthy
2026-04-09 20:08:48,102,69.71,5.8,100.84,Healthy
2026-04-09 20:09:48,103,66.19,6.62,97.33,Healthy
2026-04-09 20:10:48,103,72.04,6.2,102.79,Healthy
2026-04-09 20:11:48,101,69.2,5.05,104.35,Healthy
2026-04-09 20:12:48,102,72.86,4.06,93.78,Healthy
2026-04-09 20:13:48,103,73.95,5.31,99.81,Healthy
2026-04-09 20:14:48,103,71.56,6.15,101.36,Healthy
2026-04-09 20:15:48,103,69.79,4.07,99.22,Healthy
2026-04-09 20:16:48,101,70.88,5.07,98.13,Healthy
2026-04-09 20:17:48,102,71.28,5.59,102.04,Healthy
2026-04-09 20:18:48,102,73.54,3.53,92.85,Healthy
2026-04-09 20:19:48,101,69.71,4.04,108.98,Healthy
2026-04-09 20:20:48,103,69.16,4.49,106.15,Healthy
2026-04-09 20:21:48,102,70.87,5.87,94.93,Healthy
2026-04-09 20:22:48,103,66.49,3.94,100.08,Healthy
2026-04-09 20:23:48,101,69.68,4.6,103.29,Healthy
2026-04-09 20:24:48,102,69.46,6.28,105.83,Healthy
2026-04-09 20:25:48,101,68.38,5.64,106.75,Healthy
2026-04-09 20:26:48,103,73.42,5.79,104.8,Healthy
2026-04-09 20:27:48,103,69.13,4.96,100.82,Healthy
2026-04-09 20:28:48,103,69.36,6.49,95.02,Healthy
2026-04-09 20:29:48,101,69.94,5.49,95.16,Healthy
2026-04-09 20:30:48,103,70.28,5.51,99.94,Healthy
2026-04-09 20:31:48,101,69.03,5.15,108.41,Healthy
2026-04-09 20:32:48,102,73.96,4.34,93.07,Healthy
2026-04-09 20:33:48,102,72.05,6.17,97.68,Healthy
2026-04-09 20:34:48,103,68.02,5.35,100.66,Healthy
2026-04-09 20:35:48,101,67.62,6.05,99.56,Healthy
2026-04-09 20:36:48,102,68.14,5.52,107.66,Healthy
2026-04-09 20:37:48,102,70.28,5.02,110.32,Healthy
2026-04-09 20:38:48,102,67.97,4.12,103.05,Healthy
2026-04-09 20:39:48,101,70.57,5.32,95.84,Healthy
2026-04-09 20:40:48,102,71.29,6.91,99.4,Healthy
2026-04-09 20:41:48,103,69.74,4.85,104.57,Healthy
2026-04-09 20:42:48,101,69.64,7.38,96.98,Healthy
2026-04-09 20:43:48,101,69.82,4.48,103.1,Healthy
2026-04-09 20:44:48,102,70.42,4.04,102.01,Healthy
2026-04-09 20:45:48,103,67.57,3.86,96.79,Healthy
2026-04-09 20:46:48,103,70.31,4.18,99.03,Healthy
2026-04-09 20:47:48,103,64.6,4.94,107.67,Healthy
2026-04-09 20:48:48,101,72.98,5.51,99.97,Healthy
2026-04-09 20:49:48,103,72.43,5.77,95.64,Healthy
2026-04-09 20:50:48,103,70.91,6.16,97.35,Healthy
2026-04-09 20:51:48,102,70.59,5.3,93.39,Healthy
2026-04-09 20:52:48,103,69.19,6.99,95.94,Healthy
2026-04-09 20:53:48,101,68.72,5.78,102.6,Healthy
2026-04-09 20:54:48,102,67.89,5.2,101.3,Healthy
2026-04-09 20:55:48,103,70.98,3.0,100.23,Healthy
2026-04-09 20:56:48,103,70.78,5.44,99.46,Healthy
2026-04-09 20:57:48,103,68.34,5.37,110.26,Healthy
2026-04-09 20:58:48,102,67.72,6.43,100.7,Healthy
2026-04-09 20:59:48,103,69.92,6.36,98.32,Healthy
2026-04-09 21:00:48,102,68.56,4.72,98.7,Healthy
2026-04-09 21:01:48,103,68.71,4.49,105.37,Healthy
2026-04-09 21:02:48,103,69.48,4.72,100.47,Healthy
2026-04-09 21:03:48,101,71.03,5.27,101.98,Healthy
2026-04-09 21:04:48,102,68.42,4.26,103.43,Healthy
2026-04-09 21:05:48,103,67.84,4.23,104.49,Healthy
2026-04-09 21:06:48,103,67.15,7.17,101.08,Healthy
2026-04-09 21:07:48,101,68.76,5.9,100.89,Healthy
2026-04-09 21:08:48,102,71.82,5.02,101.58,Healthy
2026-04-09 21:09:48,103,70.41,4.27,104.95,Healthy
2026-04-09 21:10:48,101,69.31,4.86,101.31,Healthy
2026-04-09 21:11:48,101,70.47,6.62,96.6,Healthy
2026-04-09 21:12:48,102,71.1,5.96,104.66,Healthy
2026-04-09 21:13:48,102,70.11,7.31,104.34,Healthy
2026-04-09 21:14:48,102,66.25,7.12,93.94,Healthy
2026-04-09 21:15:48,103,71.49,5.12,102.6,Healthy
2026-04-09 21:16:48,101,72.6,5.02,96.01,Healthy
2026-04-09 21:17:48,101,73.67,5.22,105.43,Healthy
2026-04-09 21:18:48,101,68.15,5.1,95.74,Healthy
2026-04-09 21:19:48,103,72.32,5.93,88.61,Healthy
2026-04-09 21:20:48,103,72.09,4.38,96.12,Healthy
2026-04-09 21:21:48,103,65.51,5.9,103.88,Healthy
2026-04-09 21:22:48,102,72.32,4.18,104.05,Healthy
2026-04-09 21:23:48,101,70.05,4.77,100.75,Healthy
2026-04-09 21:24:48,102,71.91,4.62,92.88,Healthy
2026-04-09 21:25:48,103,67.0,5.56,100.62,Healthy
2026-04-09 21:26:48,102,68.75,4.44,89.38,Healthy
2026-04-09 21:27:48,101,73.91,3.57,103.23,Healthy
2026-04-09 21:28:48,102,71.51,4.84,100.22,Healthy
2026-04-09 21:29:48,103,70.73,3.6,103.21,Healthy
2026-04-09 21:30:48,102,68.81,5.29,96.49,Healthy
2026-04-09 21:31:48,102,71.51,6.1,99.7,Healthy
2026-04-09 21:32:48,102,70.52,5.11,100.01,Healthy
2026-04-09 21:33:48,101,70.35,4.23,109.52,Healthy
2026-04-09 21:34:48,102,72.88,6.08,95.8,Healthy
2026-04-09 21:35:48,102,66.31,5.0,107.64,Healthy
2026-04-09 21:36:48,102,69.79,3.82,105.96,Healthy
2026-04-09 21:37:48,101,73.85,5.28,98.73,Healthy
2026-04-09 21:38:48,101,71.32,4.57,100.72,Healthy
2026-04-09 21:39:48,101,71.52,5.34,96.47,Healthy
2026-04-09 21:40:48,101,68.41,3.94,100.39,Healthy
2026-04-09 21:41:48,101,69.2,5.24,103.39,Healthy
2026-04-09 21:42:48,103,70.12,4.73,104.62,Healthy
2026-04-09 21:43:48,101,71.39,5.71,93.85,Healthy
2026-04-09 21:44:48,101,71.5,5.21,109.41,Healthy
2026-04-09 21:45:48,102,70.14,3.93,99.06,Healthy
2026-04-09 21:46:48,102,66.33,4.36,96.33,Healthy
2026-04-09 21:47:48,103,69.77,4.62,102.0,Healthy
2026-04-09 21:48:48,102,70.59,3.94,99.33,Healthy
2026-04-09 21:49:48,102,68.3,4.14,101.72,Healthy
2026-04-09 21:50:48,103,69.87,4.5,106.63,Healthy
2026-04-09 21:51:48,101,66.85,5.37,99.18,Healthy
2026-04-09 21:52:48,102,69.66,4.68,107.88,Healthy
2026-04-09 21:53:48,101,70.17,5.2,99.76,Healthy
2026-04-09 21:54:48,103,68.54,6.56,96.84,Healthy
2026-04-09 21:55:48,101,65.94,5.12,95.77,Healthy
2026-04-09 21:56:48,101,71.89,5.61,112.85,Healthy
2026-04-09 21:57:48,103,69.42,3.73,105.6,Healthy
2026-04-09 21:58:48,101,68.28,3.54,94.41,Healthy
2026-04-09 21:59:48,101,69.43,5.42,105.45,Healthy
2026-04-09 22:00:48,102,66.93,5.62,96.39,Healthy
2026-04-09 22:01:48,101,70.51,2.91,100.1,Healthy
2026-04-09 22:02:48,102,71.59,4.5,96.94,Healthy
2026-04-09 22:03:48,102,70.4,3.73,102.45,Healthy
2026-04-09 22:04:48,101,70.47,4.52,100.98,Healthy
2026-04-09 22:05:48,102,71.18,4.01,104.07,Healthy
2026-04-09 22:06:48,103,71.71,5.51,98.09,Healthy
2026-04-09 22:07:48,101,71.63,5.46,104.23,Healthy
2026-04-09 22:08:48,103,69.87,3.53,99.41,Healthy
2026-04-09 22:09:48,101,70.17,5.72,98.4,Healthy
2026-04-09 22:10:48,102,69.33,2.91,102.22,Healthy
2026-04-09 22:11:48,102,67.81,5.05,102.09,Healthy
2026-04-09 22:12:48,103,72.96,6.29,93.3,Healthy
2026-04-09 22:13:48,103,67.54,5.05,97.23,Healthy
2026-04-09 22:14:48,103,68.41,4.99,104.14,Healthy
2026-04-09 22:15:48,103,67.0,6.03,96.34,Healthy
2026-04-09 22:16:48,101,69.38,5.43,100.69,Healthy
2026-04-09 22:17:48,102,69.61,4.74,103.65,Healthy
2026-04-09 22:18:48,101,66.58,5.62,102.74,Healthy
2026-04-09 22:19:48,103,70.78,5.28,102.0,Healthy
2026-04-09 22:20:48,102,70.54,5.6,101.01,Healthy
2026-04-09 22:21:48,103,70.55,4.59,97.88,Healthy
2026-04-09 22:22:48,101,68.31,3.34,92.54,Healthy
2026-04-09 22:23:48,102,68.57,3.0,102.27,Healthy
2026-04-09 22:24:48,101,65.69,4.98,105.51,Healthy
2026-04-09 22:25:48,101,68.65,4.17,105.42,Healthy
2026-04-09 22:26:48,102,72.86,3.69,114.34,Healthy
2026-04-09 22:27:48,102,67.19,5.12,103.84,Healthy
2026-04-09 22:28:48,103,72.77,3.89,104.21,Healthy
2026-04-09 22:29:48,101,69.44,5.05,93.64,Healthy
2026-04-09 22:30:48,101,68.98,2.66,97.04,Healthy
2026-04-09 22:31:48,101,73.22,4.7,91.51,Healthy
2026-04-09 22:32:48,103,69.5,4.82,103.3,Healthy
2026-04-09 22:33:48,102,70.64,5.42,101.42,Healthy
2026-04-09 22:34:48,103,73.87,5.12,97.08,Healthy
2026-04-09 22:35:48,102,69.04,4.54,106.87,Healthy
2026-04-09 22:36:48,102,69.82,5.22,101.02,Healthy
2026-04-09 22:37:48,103,72.54,6.1,99.04,Healthy
2026-04-09 22:38:48,102,69.76,4.98,96.51,Healthy
2026-04-09 22:39:48,102,69.67,7.05,102.77,Healthy
2026-04-09 22:40:48,101,73.24,4.63,98.83,Healthy
2026-04-09 22:41:48,103,71.86,3.49,109.66,Healthy
2026-04-09 22:42:48,103,67.81,4.14,112.2,Healthy
2026-04-09 22:43:48,102,69.1,5.98,98.95,Healthy
2026-04-09 22:44:48,103,67.86,5.02,104.55,Healthy
2026-04-09 22:45:48,101,68.55,5.83,113.47,Healthy
2026-04-09 22:46:48,103,69.77,4.71,94.54,Healthy
2026-04-09 22:47:48,101,69.06,6.17,99.15,Healthy
2026-04-09 22:48:48,102,67.67,3.71,104.14,Healthy
2026-04-09 22:49:48,102,70.38,5.99,104.82,Healthy
2026-04-09 22:50:48,102,71.41,4.93,99.54,Healthy
2026-04-09 22:51:48,103,70.84,5.63,106.44,Healthy
2026-04-09 22:52:48,103,69.44,3.95,107.75,Healthy
2026-04-09 22:53:48,101,72.01,4.46,106.2,Healthy
2026-04-09 22:54:48,101,73.2,4.96,93.64,Healthy
2026-04-09 22:55:48,102,65.93,4.45,97.65,Healthy
2026-04-09 22:56:48,102,70.4,3.74,98.66,Healthy
2026-04-09 22:57:48,101,71.46,4.55,101.0,Healthy
2026-04-09 22:58:48,103,68.87,5.16,99.88,Healthy
2026-04-09 22:59:48,102,70.3,5.62,108.55,Healthy
2026-04-09 23:00:48,103,68.61,5.73,103.41,Healthy
2026-04-09 23:01:48,102,70.27,4.45,102.15,Healthy
2026-04-09 23:02:48,101,68.61,4.92,104.94,Healthy
2026-04-09 23:03:48,102,72.08,6.9,111.76,Healthy
2026-04-09 23:04:48,102,70.62,5.01,102.98,Healthy
2026-04-09 23:05:48,101,69.53,4.57,101.25,Healthy
2026-04-09 23:06:48,101,69.88,3.53,95.78,Healthy
2026-04-09 23:07:48,103,67.62,4.32,106.64,Healthy
2026-04-09 23:08:48,103,70.42,3.66,99.98,Healthy
2026-04-09 23:09:48,102,70.88,4.35,102.88,Healthy
2026-04-09 23:10:48,101,68.95,4.42,101.98,Healthy
2026-04-09 23:11:48,102,71.54,4.49,100.6,Healthy
2026-04-09 23:12:48,103,66.98,4.79,98.79,Healthy
2026-04-09 23:13:48,102,64.79,3.68,95.4,Healthy
2026-04-09 23:14:48,103,73.27,5.96,105.44,Healthy
2026-04-09 23:15:48,101,67.54,4.36,104.47,Healthy
2026-04-09 23:16:48,102,69.21,5.93,99.19,Healthy
2026-04-09 23:17:48,101,70.98,5.79,92.79,Healthy
2026-04-09 23:18:48,102,70.81,6.39,105.57,Healthy
2026-04-09 23:19:48,103,69.15,6.01,99.07,Healthy
2026-04-09 23:20:48,101,68.28,5.42,101.74,Healthy
2026-04-09 23:21:48,103,69.66,4.7,105.29,Healthy
2026-04-09 23:22:48,103,73.23,4.0,94.96,Healthy
2026-04-09 23:23:48,101,72.32,3.97,104.83,Healthy
2026-04-09 23:24:48,101,74.45,5.14,102.21,Healthy
2026-04-09 23:25:48,103,69.2,2.42,98.26,Healthy
2026-04-09 23:26:48,103,71.96,3.49,99.93,Healthy
2026-04-09 23:27:48,101,93.91,17.24,97.95,Warning
2026-04-09 23:28:48,101,71.37,4.96,101.45,Healthy
2026-04-09 23:29:48,101,71.11,4.34,108.2,Healthy
2026-04-09 23:30:48,101,68.37,6.93,89.79,Healthy
2026-04-09 23:31:48,103,71.36,4.51,97.0,Healthy
2026-04-09 23:32:48,103,71.15,7.12,101.45,Healthy
2026-04-09 23:33:48,103,72.17,6.87,96.13,Healthy
2026-04-09 23:34:48,103,68.87,4.62,108.35,Healthy
2026-04-09 23:35:48,102,68.84,5.38,108.19,Healthy
2026-04-09 23:36:48,102,72.1,5.12,100.64,Healthy
2026-04-09 23:37:48,102,69.75,4.6,110.47,Healthy
2026-04-09 23:38:48,101,70.21,6.65,101.2,Healthy
2026-04-09 23:39:48,103,66.76,6.48,94.76,Healthy
2026-04-09 23:40:48,103,68.91,4.98,102.44,Healthy
2026-04-09 23:41:48,103,73.5,4.33,108.91,Healthy
2026-04-09 23:42:48,103,68.66,4.55,95.96,Healthy
2026-04-09 23:43:48,101,71.06,6.31,99.31,Healthy
2026-04-09 23:44:48,101,69.96,5.05,87.79,Healthy
2026-04-09 23:45:48,102,70.21,4.92,104.43,Healthy
2026-04-09 23:46:48,103,67.63,6.91,99.32,Healthy
2026-04-09 23:47:48,103,68.04,3.05,103.61,Healthy
2026-04-09 23:48:48,102,72.91,4.95,99.63,Healthy
2026-04-09 23:49:48,102,71.42,6.29,90.84,Healthy
2026-04-09 23:50:48,101,70.62,5.37,111.55,Healthy
2026-04-09 23:51:48,102,69.91,4.63,97.04,Healthy
2026-04-09 23:52:48,103,69.48,4.86,110.49,Healthy
2026-04-09 23:53:48,102,69.8,3.03,96.91,Healthy
2026-04-09 23:54:48,103,70.53,5.52,96.17,Healthy
2026-04-09 23:55:48,103,72.14,5.62,99.9,Healthy
2026-04-09 23:56:48,103,70.88,4.05,110.24,Healthy
2026-04-09 23:57:48,102,67.68,3.28,94.89,Healthy
2026-04-09 23:58:48,103,71.85,6.01,102.2,Healthy
2026-04-09 23:59:48,101,67.7,6.25,93.67,Healthy
2026-04-10 00:00:48,103,68.78,5.39,109.89,Healthy
2026-04-10 00:01:48,101,69.17,6.15,100.83,Healthy
2026-04-10 00:02:48,102,70.06,5.23,90.54,Healthy
2026-04-10 00:03:48,102,72.06,4.44,100.7,Healthy
2026-04-10 00:04:48,102,70.23,5.36,99.37,Healthy
2026-04-10 00:05:48,101,68.71,4.4,98.75,Healthy
2026-04-10 00:06:48,101,69.9,2.99,96.83,Healthy
2026-04-10 00:07:48,101,72.54,5.61,103.75,Healthy
2026-04-10 00:08:48,102,74.6,5.54,103.57,Healthy
2026-04-10 00:09:48,102,70.57,4.57,102.84,Healthy
2026-04-10 00:10:48,102,71.52,7.17,107.63,Healthy
2026-04-10 00:11:48,102,68.7,5.27,101.08,Healthy
2026-04-10 00:12:48,101,70.52,4.3,102.15,Healthy
2026-04-10 00:13:48,101,69.55,4.56,104.97,Healthy
2026-04-10 00:14:48,102,69.94,3.48,96.62,Healthy
2026-04-10 00:15:48,103,71.91,3.8,101.04,Healthy
2026-04-10 00:16:48,103,69.35,6.55,105.52,Healthy
2026-04-10 00:17:48,101,70.91,5.45,98.83,Healthy
2026-04-10 00:18:48,101,71.26,5.82,101.18,Healthy
2026-04-10 00:19:48,103,68.05,4.58,105.11,Healthy
2026-04-10 00:20:48,101,67.88,4.64,106.47,Healthy
2026-04-10 00:21:48,101,68.42,5.16,101.2,Healthy
2026-04-10 00:22:48,102,72.4,3.29,96.79,Healthy
2026-04-10 00:23:48,103,67.98,4.68,101.79,Healthy
2026-04-10 00:24:48,102,71.47,4.94,95.93,Healthy
2026-04-10 00:25:48,102,74.24,4.91,100.33,Healthy
2026-04-10 00:26:48,101,66.65,5.36,96.48,Healthy
2026-04-10 00:27:48,101,72.55,4.86,92.49,Healthy
2026-04-10 00:28:48,102,72.51,5.51,111.14,Healthy
2026-04-10 00:29:48,101,74.58,5.1,108.25,Healthy
2026-04-10 00:30:48,102,68.14,5.36,95.7,Healthy
2026-04-10 00:31:48,101,67.82,4.96,99.2,Healthy
2026-04-10 00:32:48,102,69.25,5.12,101.27,Healthy
2026-04-10 00:33:48,102,70.12,4.15,95.51,Healthy
2026-04-10 00:34:48,101,72.47,5.63,103.39,Healthy
2026-04-10 00:35:48,101,72.89,4.88,102.69,Healthy
2026-04-10 00:36:48,103,71.35,4.35,111.19,Healthy
2026-04-10 00:37:48,101,71.79,5.02,97.26,Healthy
2026-04-10 00:38:48,101,71.5,7.26,95.55,Healthy
2026-04-10 00:39:48,101,69.97,6.42,102.57,Healthy
2026-04-10 00:40:48,101,72.23,3.29,102.76,Healthy
2026-04-10 00:41:48,102,70.82,5.43,101.07,Healthy
2026-04-10 00:42:48,101,67.49,3.43,99.33,Healthy
2026-04-10 00:43:48,103,71.68,5.7,91.6,Healthy
2026-04-10 00:44:48,102,68.88,3.91,102.28,Healthy
2026-04-10 00:45:48,101,69.42,4.31,93.15,Healthy
2026-04-10 00:46:48,103,72.66,6.44,97.9,Healthy
2026-04-10 00:47:48,102,74.39,4.88,96.97,Healthy
2026-04-10 00:48:48,103,72.8,5.35,95.62,Healthy
2026-04-10 00:49:48,103,74.58,7.35,95.99,Healthy
2026-04-10 00:50:48,101,71.9,3.55,99.43,Healthy
2026-04-10 00:51:48,102,67.3,6.33,106.39,Healthy
2026-04-10 00:52:48,103,69.87,4.95,97.78,Healthy
2026-04-10 00:53:48,102,72.3,4.4,103.11,Healthy
2026-04-10 00:54:48,103,72.43,6.59,96.46,Healthy
2026-04-10 00:55:48,103,66.95,5.52,98.07,Healthy
2026-04-10 00:56:48,101,72.06,6.06,105.91,Healthy
2026-04-10 00:57:48,102,70.82,5.13,95.31,Healthy
2026-04-10 00:58:48,101,71.07,4.2,95.85,Healthy
2026-04-10 00:59:48,103,71.96,5.04,109.48,Healthy
2026-04-10 01:00:48,102,69.33,5.06,101.05,Healthy
2026-04-10 01:01:48,102,68.69,4.67,101.0,Healthy
2026-04-10 01:02:48,101,72.04,3.78,96.21,Healthy
2026-04-10 01:03:48,102,70.98,5.28,93.45,Healthy
2026-04-10 01:04:48,103,71.24,4.8,107.54,Healthy
2026-04-10 01:05:48,103,71.18,3.49,98.3,Healthy
2026-04-10 01:06:48,102,67.31,6.63,88.69,Healthy
2026-04-10 01:07:48,103,69.97,4.2,103.81,Healthy
2026-04-10 01:08:48,103,67.54,4.85,93.87,Healthy
2026-04-10 01:09:48,103,73.56,6.24,94.54,Healthy
2026-04-10 01:10:48,103,71.47,4.87,95.79,Healthy
2026-04-10 01:11:48,101,68.42,4.56,106.92,Healthy
2026-04-10 01:12:48,102,70.64,3.69,108.93,Healthy
2026-04-10 01:13:48,101,69.79,5.34,101.43,Healthy
2026-04-10 01:14:48,101,66.76,3.97,105.84,Healthy
2026-04-10 01:15:48,101,62.16,6.17,94.31,Healthy
2026-04-10 01:16:48,103,70.5,6.31,103.97,Healthy
2026-04-10 01:17:48,102,69.21,3.9,96.0,Healthy
2026-04-10 01:18:48,101,70.62,3.85,103.51,Healthy
2026-04-10 01:19:48,102,69.15,7.24,97.17,Healthy
2026-04-10 01:20:48,102,69.83,4.95,95.07,Healthy
2026-04-10 01:21:48,101,70.15,4.94,95.22,Healthy
2026-04-10 01:22:48,103,72.23,5.63,98.29,Healthy
2026-04-10 01:23:48,102,71.88,4.12,93.81,Healthy
2026-04-10 01:24:48,103,69.7,6.15,101.4,Healthy
2026-04-10 01:25:48,103,71.09,5.0,98.56,Healthy
2026-04-10 01:26:48,102,70.22,4.96,100.0,Healthy
2026-04-10 01:27:48,102,69.92,4.48,93.51,Healthy
2026-04-10 01:28:48,102,69.61,3.96,113.61,Healthy
2026-04-10 01:29:48,103,68.79,3.94,91.63,Healthy
2026-04-10 01:30:48,101,69.17,4.12,102.19,Healthy
2026-04-10 01:31:48,102,73.79,5.59,92.47,Healthy
2026-04-10 01:32:48,103,70.82,5.51,104.96,Healthy
2026-04-10 01:33:48,103,71.78,4.16,106.01,Healthy
2026-04-10 01:34:48,102,68.87,4.28,101.08,Healthy
2026-04-10 01:35:48,102,69.52,4.34,98.94,Healthy
2026-04-10 01:36:48,101,69.13,5.19,93.94,Healthy
2026-04-10 01:37:48,102,69.63,6.0,93.36,Healthy
2026-04-10 01:38:48,103,72.0,5.03,102.36,Healthy
2026-04-10 01:39:48,101,66.01,5.14,106.53,Healthy
2026-04-10 01:40:48,102,69.4,4.55,99.69,Healthy
2026-04-10 01:41:48,103,68.71,4.51,95.52,Healthy
2026-04-10 01:42:48,101,69.12,7.05,95.93,Healthy
2026-04-10 01:43:48,102,72.8,6.42,99.39,Healthy
2026-04-10 01:44:48,102,69.34,3.99,109.09,Healthy
2026-04-10 01:45:48,103,74.23,2.54,102.75,Healthy
2026-04-10 01:46:48,102,70.27,4.9,105.39,Healthy
2026-04-10 01:47:48,103,67.95,3.88,96.65,Healthy
2026-04-10 01:48:48,102,71.5,5.58,94.45,Healthy
2026-04-10 01:49:48,101,69.04,3.92,96.46,Healthy
2026-04-10 01:50:48,103,72.19,5.59,99.39,Healthy
2026-04-10 01:51:48,101,71.0,4.08,102.98,Healthy
2026-04-10 01:52:48,103,70.95,4.3,95.76,Healthy
2026-04-10 01:53:48,101,71.94,5.09,97.8,Healthy
2026-04-10 01:54:48,102,71.08,4.16,106.71,Healthy
2026-04-10 01:55:48,103,71.65,4.92,87.97,Healthy
2026-04-10 01:56:48,103,71.42,3.78,95.2,Healthy
2026-04-10 01:57:48,101,96.49,16.89,99.09,Warning
2026-04-10 01:58:48,102,66.71,5.37,101.44,Healthy
2026-04-10 01:59:48,101,73.77,5.62,107.3,Healthy
2026-04-10 02:00:48,103,68.78,3.5,94.28,Healthy
2026-04-10 02:01:48,102,69.55,4.38,105.56,Healthy
2026-04-10 02:02:48,102,66.21,3.96,92.63,Healthy
2026-04-10 02:03:48,103,73.63,4.22,106.0,Healthy
2026-04-10 02:04:48,101,73.52,4.05,97.43,Healthy
2026-04-10 02:05:48,102,67.06,4.77,103.98,Healthy
2026-04-10 02:06:48,102,73.05,5.73,95.08,Healthy
2026-04-10 02:07:48,102,71.19,5.15,99.34,Healthy
2026-04-10 02:08:48,103,66.21,4.98,99.53,Healthy
2026-04-10 02:09:48,102,68.03,3.96,101.22,Healthy
2026-04-10 02:10:48,102,70.0,5.22,96.71,Healthy
2026-04-10 02:11:48,103,69.62,5.09,95.24,Healthy
2026-04-10 02:12:48,103,66.74,4.67,93.03,Healthy
2026-04-10 02:13:48,102,69.99,5.14,104.62,Healthy
2026-04-10 02:14:48,103,70.39,3.87,107.71,Healthy
2026-04-10 02:15:48,103,65.87,4.64,100.09,Healthy
2026-04-10 02:16:48,101,69.4,6.0,101.07,Healthy
2026-04-10 02:17:48,102,70.14,4.08,94.9,Healthy
2026-04-10 02:18:48,103,69.61,3.56,96.98,Healthy
2026-04-10 02:19:48,102,70.87,4.63,103.31,Healthy
2026-04-10 02:20:48,103,71.77,4.69,95.38,Healthy
2026-04-10 02:21:48,102,73.48,5.87,99.31,Healthy
2026-04-10 02:22:48,102,70.16,4.19,97.21,Healthy
2026-04-10 02:23:48,102,71.51,4.45,96.19,Healthy
2026-04-10 02:24:48,101,64.55,5.04,96.9,Healthy
2026-04-10 02:25:48,103,67.93,4.51,96.32,Healthy
2026-04-10 02:26:48,103,67.47,4.57,108.08,Healthy
2026-04-10 02:27:48,102,65.75,4.51,101.98,Healthy
2026-04-10 02:28:48,103,69.31,3.58,112.79,Healthy
2026-04-10 02:29:48,103,70.12,6.17,104.94,Healthy
2026-04-10 02:30:48,103,68.05,5.98,102.33,Healthy
2026-04-10 02:31:48,103,69.06,3.72,102.24,Healthy
2026-04-10 02:32:48,103,69.04,3.35,104.26,Healthy
2026-04-10 02:33:48,101,68.6,4.51,107.61,Healthy
2026-04-10 02:34:48,103,69.01,4.58,99.0,Healthy
2026-04-10 02:35:48,101,68.94,6.36,103.18,Healthy
2026-04-10 02:36:48,103,72.64,4.98,96.8,Healthy
2026-04-10 02:37:48,102,67.51,6.08,95.23,Healthy
2026-04-10 02:38:48,103,70.57,5.16,103.83,Healthy
2026-04-10 02:39:48,102,72.16,6.67,96.56,Healthy
2026-04-10 02:40:48,101,70.05,4.55,95.24,Healthy
2026-04-10 02:41:48,102,70.56,4.3,100.71,Healthy
2026-04-10 02:42:48,103,69.86,6.68,97.46,Healthy
2026-04-10 02:43:48,103,68.13,4.87,108.24,Healthy
2026-04-10 02:44:48,102,66.5,5.22,104.08,Healthy
2026-04-10 02:45:48,101,71.56,6.56,109.13,Healthy
2026-04-10 02:46:48,102,71.77,3.6,96.65,Healthy
2026-04-10 02:47:48,103,69.14,4.64,95.27,Healthy
2026-04-10 02:48:48,103,68.76,6.03,101.33,Healthy
2026-04-10 02:49:48,101,70.12,4.11,89.9,Healthy
2026-04-10 02:50:48,102,66.55,5.84,103.41,Healthy
2026-04-10 02:51:48,103,71.26,4.32,99.7,Healthy
2026-04-10 02:52:48,102,69.6,4.28,101.05,Healthy
2026-04-10 02:53:48,101,65.4,6.18,110.71,Healthy
2026-04-10 02:54:48,102,70.27,5.38,99.59,Healthy
2026-04-10 02:55:48,102,71.35,4.71,110.13,Healthy
2026-04-10 02:56:48,101,70.2,5.59,92.04,Healthy
2026-04-10 02:57:48,103,71.48,6.68,112.58,Healthy
2026-04-10 02:58:48,101,66.94,4.88,93.65,Healthy
2026-04-10 02:59:48,102,64.68,4.99,99.47,Healthy
2026-04-10 03:00:48,102,72.82,3.58,97.78,Healthy
2026-04-10 03:01:48,103,66.38,2.67,94.84,Healthy
2026-04-10 03:02:48,102,68.82,6.09,97.72,Healthy
2026-04-10 03:03:48,102,69.45,3.51,101.43,Healthy
2026-04-10 03:04:48,102,68.05,6.41,115.53,Healthy
2026-04-10 03:05:48,101,70.29,5.59,106.05,Healthy
2026-04-10 03:06:48,102,68.41,4.92,106.32,Healthy
2026-04-10 03:07:48,103,66.65,6.37,105.14,Healthy
2026-04-10 03:08:48,101,69.07,4.78,97.0,Healthy
2026-04-10 03:09:48,102,69.6,4.71,98.43,Healthy
2026-04-10 03:10:48,102,72.27,4.95,105.88,Healthy
2026-04-10 03:11:48,103,68.62,4.47,101.14,Healthy
2026-04-10 03:12:48,103,65.92,4.64,105.91,Healthy
2026-04-10 03:13:48,103,69.38,7.01,99.47,Healthy
2026-04-10 03:14:48,101,68.78,4.69,100.06,Healthy
2026-04-10 03:15:48,101,67.21,6.77,95.48,Healthy
2026-04-10 03:16:48,102,70.86,5.94,93.61,Healthy
2026-04-10 03:17:48,101,73.18,7.25,101.26,Healthy
2026-04-10 03:18:48,103,70.5,4.16,104.73,Healthy
2026-04-10 03:19:48,103,68.11,5.28,107.34,Healthy
2026-04-10 03:20:48,101,71.0,5.39,102.8,Healthy
2026-04-10 03:21:48,102,70.38,6.82,85.75,Healthy
2026-04-10 03:22:48,102,69.2,5.19,103.79,Healthy
2026-04-10 03:23:48,103,70.97,6.0,101.63,Healthy
2026-04-10 03:24:48,102,68.64,5.3,105.86,Healthy
2026-04-10 03:25:48,102,70.37,5.73,99.78,Healthy
2026-04-10 03:26:48,101,70.31,4.71,104.12,Healthy
2026-04-10 03:27:48,102,72.28,4.82,103.22,Healthy
2026-04-10 03:28:48,101,71.56,4.65,98.78,Healthy
2026-04-10 03:29:48,101,71.51,3.36,99.49,Healthy
2026-04-10 03:30:48,101,70.25,5.3,99.59,Healthy
2026-04-10 03:31:48,101,71.95,5.97,95.38,Healthy
2026-04-10 03:32:48,102,70.34,4.72,99.24,Healthy
2026-04-10 03:33:48,103,72.97,5.02,98.03,Healthy
2026-04-10 03:34:48,101,71.56,5.55,103.25,Healthy
2026-04-10 03:35:48,102,72.59,3.35,91.56,Healthy
2026-04-10 03:36:48,102,70.79,5.69,99.14,Healthy
2026-04-10 03:37:48,102,69.95,5.02,101.33,Healthy
2026-04-10 03:38:48,101,71.57,5.55,94.49,Healthy
2026-04-10 03:39:48,103,70.33,5.17,103.84,Healthy
2026-04-10 03:40:48,101,70.15,5.28,99.54,Healthy
2026-04-10 03:41:48,103,68.98,5.17,92.89,Healthy
2026-04-10 03:42:48,102,72.63,6.58,108.52,Healthy
2026-04-10 03:43:48,101,68.9,5.23,99.8,Healthy
2026-04-10 03:44:48,103,70.72,3.07,100.46,Healthy
2026-04-10 03:45:48,101,70.02,4.82,96.93,Healthy
2026-04-10 03:46:48,103,73.57,3.69,106.03,Healthy
2026-04-10 03:47:48,102,72.18,2.57,104.46,Healthy
2026-04-10 03:48:48,101,71.06,5.91,94.9,Healthy
2026-04-10 03:49:48,101,67.18,4.6,99.91,Healthy
2026-04-10 03:50:48,103,70.16,4.8,99.7,Healthy
2026-04-10 03:51:48,102,70.75,7.59,98.93,Healthy
2026-04-10 03:52:48,102,68.1,4.21,96.19,Healthy
2026-04-10 03:53:48,101,68.5,4.96,113.73,Healthy
2026-04-10 03:54:48,103,67.47,3.58,99.04,Healthy
2026-04-10 03:55:48,103,69.85,5.78,103.17,Healthy
2026-04-10 03:56:48,101,68.76,4.11,99.55,Healthy
2026-04-10 03:57:48,102,68.2,4.01,91.32,Healthy
2026-04-10 03:58:48,102,69.42,5.42,104.72,Healthy
2026-04-10 03:59:48,102,68.47,4.52,111.49,Healthy
2026-04-10 04:00:48,103,66.74,4.71,91.18,Healthy
2026-04-10 04:01:48,103,67.64,6.16,102.03,Healthy
2026-04-10 04:02:48,102,71.04,5.6,104.37,Healthy
2026-04-10 04:03:48,103,71.6,6.41,103.94,Healthy
2026-04-10 04:04:48,101,70.99,4.96,87.22,Healthy
2026-04-10 04:05:48,102,67.5,6.19,100.86,Healthy
2026-04-10 04:06:48,101,65.9,5.67,95.5,Healthy
2026-04-10 04:07:48,101,68.43,5.69,90.11,Healthy
2026-04-10 04:08:48,101,71.23,3.99,94.76,Healthy
2026-04-10 04:09:48,103,71.27,2.08,99.91,Healthy
2026-04-10 04:10:48,101,68.79,2.95,101.75,Healthy
2026-04-10 04:11:48,103,75.73,2.95,110.42,Healthy
2026-04-10 04:12:48,103,70.38,4.26,103.95,Healthy
2026-04-10 04:13:48,101,74.2,4.05,105.29,Healthy
2026-04-10 04:14:48,101,68.67,6.31,99.79,Healthy
2026-04-10 04:15:48,102,71.9,4.68,109.87,Healthy
2026-04-10 04:16:48,101,67.92,2.73,100.42,Healthy
2026-04-10 04:17:48,103,68.02,5.8,95.91,Healthy
2026-04-10 04:18:48,103,69.39,5.97,97.89,Healthy
2026-04-10 04:19:48,102,70.26,4.52,105.45,Healthy
2026-04-10 04:20:48,103,70.78,3.13,97.68,Healthy
2026-04-10 04:21:48,102,73.02,4.31,99.66,Healthy
2026-04-10 04:22:48,102,67.28,5.11,95.44,Healthy
2026-04-10 04:23:48,103,71.8,2.59,100.89,Healthy
2026-04-10 04:24:48,101,68.25,4.47,92.62,Healthy
2026-04-10 04:25:48,102,70.35,3.86,96.43,Healthy
2026-04-10 04:26:48,101,71.69,5.22,105.34,Healthy
2026-04-10 04:27:48,102,71.49,6.03,89.7,Healthy
2026-04-10 04:28:48,102,72.4,6.68,100.63,Healthy
2026-04-10 04:29:48,102,68.55,5.35,96.68,Healthy
2026-04-10 04:30:48,103,72.84,4.11,106.29,Healthy
2026-04-10 04:31:48,103,69.57,5.69,95.24,Healthy
2026-04-10 04:32:48,102,66.41,6.03,100.84,Healthy
2026-04-10 04:33:48,102,68.56,5.38,93.78,Healthy
2026-04-10 04:34:48,103,72.83,5.42,96.74,Healthy
2026-04-10 04:35:48,101,69.99,4.95,105.92,Healthy
2026-04-10 04:36:48,103,71.63,6.34,94.93,Healthy
2026-04-10 04:37:48,101,68.46,7.41,96.1,Healthy
2026-04-10 04:38:48,102,67.66,5.09,99.9,Healthy
2026-04-10 04:39:48,103,66.09,4.22,95.47,Healthy
2026-04-10 04:40:48,102,64.5,3.84,91.53,Healthy
2026-04-10 04:41:48,102,70.4,6.02,94.91,Healthy
2026-04-10 04:42:48,103,72.38,4.38,99.03,Healthy
2026-04-10 04:43:48,102,69.15,5.97,97.34,Healthy
2026-04-10 04:44:48,101,74.06,5.35,94.94,Healthy
2026-04-10 04:45:48,102,69.75,6.14,93.36,Healthy
2026-04-10 04:46:48,101,66.83,5.01,93.52,Healthy
2026-04-10 04:47:48,103,67.81,4.51,99.82,Healthy
2026-04-10 04:48:48,103,72.51,6.62,94.11,Healthy
2026-04-10 04:49:48,103,70.61,5.56,116.1,Healthy
2026-04-10 04:50:48,101,73.46,4.18,101.52,Healthy
2026-04-10 04:51:48,103,71.88,4.36,110.31,Healthy
2026-04-10 04:52:48,103,71.2,5.05,92.19,Healthy
2026-04-10 04:53:48,102,70.62,5.08,92.98,Healthy
2026-04-10 04:54:48,102,73.04,4.47,106.66,Healthy
2026-04-10 04:55:48,101,70.44,6.26,106.26,Healthy
2026-04-10 04:56:48,101,68.52,5.08,97.89,Healthy
2026-04-10 04:57:48,101,73.49,3.79,100.59,Healthy
2026-04-10 04:58:48,101,68.89,3.82,100.41,Healthy
2026-04-10 04:59:48,103,65.58,5.9,99.36,Healthy
2026-04-10 05:00:48,102,66.35,5.23,97.34,Healthy
2026-04-10 05:01:48,101,68.6,5.34,97.66,Healthy
2026-04-10 05:02:48,102,70.87,4.49,108.24,Healthy
2026-04-10 05:03:48,102,72.7,4.99,99.34,Healthy
2026-04-10 05:04:48,103,71.04,6.04,111.43,Healthy
2026-04-10 05:05:48,103,72.06,4.57,104.49,Healthy
2026-04-10 05:06:48,103,71.6,5.81,106.64,Healthy
2026-04-10 05:07:48,101,67.6,7.58,105.18,Healthy
2026-04-10 05:08:48,101,71.37,6.43,104.75,Healthy
2026-04-10 05:09:48,103,71.59,4.13,105.12,Healthy
2026-04-10 05:10:48,102,68.71,3.73,99.1,Healthy
2026-04-10 05:11:48,101,71.83,4.59,97.32,Healthy
2026-04-10 05:12:48,103,72.37,3.49,93.43,Healthy
2026-04-10 05:13:48,101,70.29,5.37,97.22,Healthy
2026-04-10 05:14:48,103,68.74,4.21,103.02,Healthy
2026-04-10 05:15:48,103,72.69,4.61,106.65,Healthy
2026-04-10 05:16:48,101,70.17,5.99,90.79,Healthy
